Location_Code,latitude,longitude,depth,SampleID,time,Temp,Air_Temp,Salinity,Chl_Volume_Filtered,Chl1,Chl2,Avg_Chloro,Phaeo1,Phaeo2,Avg_Phaeo,Phosphate,Silicate,Nitrite,Nitrite_Nitrate,Ammonium,Nitrate,DA_Volume_Filtered,pDA,tDA,dDA,Volume_Settled_for_Counting,Akashiwo_sanguinea,Alexandrium_spp,Dinophysis_spp,Lingulodinium_polyedra,Prorocentrum_spp,Pseudo_nitzschia_delicatissima_group,Pseudo_nitzschia_seriata_group,Ceratium_spp,Cochlodinium_spp,Gymnodinium_spp,Other_Diatoms,Other_Dinoflagellates,Total_Phytoplankton,Sample Depth,Datetime
SIO,32.867,-117.257,,20240304.0,2024-03-04,16.3,,,100.0,2.46,2.44,2.45,0.67,0.71,0.69,0.22,4.3,0.0,,0.5,0.0,200.0,0.0,,,,0.0,0.0,0.0,12516.0,8135.0,1252.0,0.0,12516.0,0.0,626.0,20651.0,8762.0,64458.0,,
SIO,32.867,-117.257,,20240311.0,2024-03-11,15.9,,,100.0,2.72,2.77,2.75,0.43,0.49,0.46,0.22,4.3,0.0,,2.36,0.0,200.0,0.0,,,,0.0,0.0,626.0,13142.0,10639.0,1252.0,0.0,5006.0,0.0,0.0,23780.0,25032.0,79477.0,,
SIO,32.867,-117.257,,20240318.0,2024-03-18,16.6,,,100.0,3.35,3.42,3.39,0.41,0.48,0.45,0.0,2.1,0.0,,3.11,0.0,200.0,0.0,,,,0.0,0.0,0.0,9387.0,35046.0,13768.0,6884.0,21903.0,0.0,0.0,272223.0,64457.0,423668.0,,
SIO,32.867,-117.257,,20240325.0,2024-03-25,15.3,,,100.0,2.94,2.88,2.91,1.39,1.39,1.39,0.39,3.9,0.0,,2.65,2.58,200.0,0.0,,,,0.0,0.0,1252.0,7510.0,14393.0,4381.0,4381.0,5632.0,0.0,626.0,31289.0,48812.0,118276.0,,
SIO,32.867,-117.257,,20240401.0,2024-04-01,14.8,,,100.0,3.76,3.6,3.68,0.91,0.94,0.92,0.36,3.6,0.0,,1.65,1.4,200.0,0.0,,,,0.0,0.0,1252.0,1877.0,7509.0,13142.0,6884.0,3129.0,2503.0,0.0,304139.0,53194.0,393629.0,,
SIO,32.867,-117.257,,20240408.0,2024-04-08,15.6,,,100.0,2.18,2.09,2.13,0.5,0.49,0.5,0.25,2.8,0.0,,1.85,0.28,200.0,0.0,,,,0.0,4381.0,1878.0,7510.0,22529.0,1252.0,0.0,626.0,1877.0,0.0,77599.0,63205.0,180857.0,,
SIO,32.867,-117.257,,20240415.0,2024-04-15,15.7,,,100.0,1.4,1.37,1.39,0.71,0.68,0.7,0.29,4.2,0.0,,2.5,0.81,200.0,0.0,,,,0.0,0.0,626.0,1252.0,3755.0,2504.0,0.0,0.0,626.0,0.0,23154.0,67586.0,99503.0,,
SIO,32.867,-117.257,,20240422.0,2024-04-22,16.2,,,100.0,4.1,4.1,4.1,1.3,1.34,1.32,0.28,6.3,0.0,,2.58,1.0,200.0,0.0,,,,6884.0,626.0,7510.0,5006.0,53818.0,1252.0,0.0,0.0,18148.0,1877.0,25032.0,125787.0,245940.0,,
SIO,32.867,-117.257,,20240429.0,2024-04-29,17.5,,,100.0,3.97,4.1,4.03,0.89,0.79,0.84,0.22,8.1,0.0,,2.14,0.99,200.0,0.0,,,,11264.0,626.0,626.0,10013.0,64458.0,10638.0,0.0,0.0,9387.0,0.0,60703.0,53193.0,220908.0,,
SIO,32.867,-117.257,,20240506.0,2024-05-06,16.7,,,100.0,3.22,3.22,3.22,0.66,0.67,0.66,0.3,6.2,0.0,,1.46,0.85,200.0,0.0,,,,3129.0,0.0,626.0,11890.0,28787.0,19400.0,30038.0,1252.0,3755.0,0.0,40052.0,71341.0,210270.0,,
SIO,32.867,-117.257,,20240513.0,2024-05-13,17.7,,,100.0,3.3,3.48,3.39,0.87,0.8,0.83,0.25,4.9,0.0,,2.17,0.45,200.0,0.0,,,,12516.0,2503.0,0.0,3129.0,25032.0,65084.0,6258.0,0.0,3755.0,626.0,24406.0,83857.0,227166.0,,
SIO,32.867,-117.257,,20240520.0,2024-05-20,18.2,,,100.0,7.86,7.78,7.82,1.27,1.16,1.21,0.17,5.2,0.0,,1.2,0.0,200.0,0.0,,,,12516.0,1252.0,0.0,55696.0,23154.0,3755.0,0.0,2504.0,2503.0,1252.0,20651.0,100754.0,224037.0,,
SIO,32.867,-117.257,,20240528.0,2024-05-28,17.2,,,100.0,17.51,17.08,17.3,1.86,1.9,1.88,0.2,9.4,0.0,,0.42,0.0,200.0,0.0,,,,95748.0,1252.0,0.0,89490.0,33168.0,1878.0,0.0,8135.0,7510.0,1252.0,24406.0,121404.0,384243.0,,
SIO,32.867,-117.257,,20240603.0,2024-06-03,17.7,,,100.0,16.77,16.64,16.71,1.42,1.5,1.46,0.1,7.5,0.0,,0.83,0.0,200.0,0.0,,,,121406.0,626.0,1252.0,82606.0,33168.0,626.0,0.0,5632.0,7509.0,6258.0,21277.0,64457.0,344817.0,,
SIO,32.867,-117.257,,20240610.0,2024-06-10,18.5,,,100.0,1.55,1.46,1.5,0.48,0.46,0.47,0.18,3.0,0.0,,0.52,0.0,200.0,0.0,,,,14393.0,0.0,0.0,626.0,4381.0,3755.0,0.0,1877.0,626.0,1252.0,16896.0,16271.0,60077.0,,
SIO,32.867,-117.257,,20240617.0,2024-06-17,18.5,,,100.0,1.63,1.64,1.63,0.39,0.41,0.4,0.12,6.1,0.0,,0.0,0.0,200.0,0.0,,,,626.0,0.0,0.0,6258.0,10013.0,10639.0,0.0,626.0,5007.0,0.0,153947.0,31289.0,218405.0,,
SIO,32.867,-117.257,,20240624.0,2024-06-24,20.8,,,100.0,5.75,5.59,5.67,0.32,0.43,0.38,0.19,7.0,0.0,,0.27,0.0,200.0,0.0,,,,11619.0,0.0,0.0,113288.0,58097.0,275958.0,2905.0,0.0,5810.0,2905.0,1577318.0,90049.0,2137949.0,,
SIO,32.867,-117.257,,20240701.0,2024-07-01,19.7,,,100.0,5.08,5.09,5.09,0.7,0.76,0.73,0.13,7.1,0.0,,0.42,0.0,200.0,0.0,,,,26909.0,626.0,1252.0,16271.0,28787.0,66335.0,1252.0,18773.0,17522.0,1252.0,182734.0,127038.0,488751.0,,
SIO,32.867,-117.257,,20240708.0,2024-07-08,22.7,,,100.0,1.97,1.95,1.96,0.59,0.6,0.59,0.0,3.7,0.0,,0.45,0.0,200.0,0.0,,,,0.0,0.0,0.0,1252.0,22529.0,8761.0,626.0,3755.0,0.0,626.0,47561.0,59450.0,144560.0,,
SIO,32.867,-117.257,,20240715.0,2024-07-15,21.2,,,100.0,3.81,3.76,3.79,0.99,1.05,1.02,0.0,3.8,0.0,,0.0,1.27,200.0,0.0,,,,1877.0,0.0,0.0,3129.0,8135.0,14393.0,5632.0,1252.0,0.0,1877.0,211522.0,147064.0,394881.0,,
SIO,32.867,-117.257,,20240722.0,2024-07-22,21.4,,,100.0,4.42,4.47,4.44,0.89,1.0,0.95,0.0,1.7,0.0,,0.0,0.89,200.0,0.02,,,,0.0,0.0,0.0,0.0,69716.0,461867.0,26143.0,2905.0,0.0,11619.0,2411002.0,95859.0,3079111.0,,
SIO,32.867,-117.257,,20240729.0,2024-07-29,20.5,,,100.0,5.04,5.0,5.02,1.34,1.17,1.25,0.0,1.0,0.0,,0.5,0.76,200.0,0.026,,,,0.0,0.0,0.0,0.0,29049.0,278863.0,37763.0,8715.0,14524.0,0.0,2315143.0,145240.0,2829297.0,,
SIO,32.867,-117.257,,20240805.0,2024-08-05,19.0,,,100.0,1.75,1.7,1.73,0.7,0.7,0.7,0.33,3.9,0.0,,0.63,0.49,200.0,0.0,,,,4381.0,0.0,0.0,0.0,4381.0,7510.0,1877.0,1252.0,3755.0,0.0,60077.0,74469.0,157702.0,,
SIO,32.867,-117.257,,20240812.0,2024-08-12,23.0,,,100.0,2.17,2.19,2.18,0.64,0.55,0.6,0.13,1.1,0.0,,0.0,0.0,200.0,0.0,,,,0.0,0.0,0.0,1877.0,11891.0,10639.0,2503.0,1878.0,3755.0,0.0,96999.0,63205.0,192747.0,,
SIO,32.867,-117.257,,20240819.0,2024-08-19,23.5,,,100.0,3.35,3.28,3.31,0.99,0.96,0.98,0.16,1.7,0.0,,0.46,0.0,200.0,0.0,,,,0.0,626.0,0.0,0.0,50689.0,1877.0,0.0,626.0,18774.0,15019.0,107638.0,176477.0,371726.0,,
SIO,32.867,-117.257,,20240826.0,2024-08-26,23.6,,,100.0,3.62,3.69,3.66,0.79,0.77,0.78,0.0,1.7,0.0,,0.57,0.0,200.0,0.0,,,,0.0,0.0,0.0,0.0,59451.0,626.0,0.0,626.0,6884.0,40051.0,35045.0,88864.0,231547.0,,
SIO,32.867,-117.257,,20240903.0,2024-09-03,22.8,,,100.0,2.5,2.6,2.55,0.77,0.81,0.79,0.16,1.8,0.0,,0.41,0.0,200.0,0.0,,,,0.0,0.0,0.0,0.0,6258.0,7510.0,0.0,0.0,3755.0,0.0,91367.0,75096.0,183986.0,,
SIO,32.867,-117.257,,20240909.0,2024-09-09,22.5,,,100.0,2.72,2.71,2.72,0.58,0.59,0.59,0.22,1.8,0.0,,0.43,0.0,200.0,0.0,,,,0.0,0.0,0.0,0.0,9387.0,5632.0,1877.0,0.0,3129.0,46309.0,49439.0,122658.0,238431.0,,
SIO,32.867,-117.257,,20240916.0,2024-09-16,22.6,,,100.0,1.47,1.43,1.45,0.48,0.51,0.5,0.19,1.5,0.1,,0.69,0.62,200.0,0.0,,,,0.0,0.0,0.0,0.0,1877.0,0.0,0.0,626.0,0.0,21903.0,2503.0,54445.0,81354.0,,
SIO,32.867,-117.257,,20240923.0,2024-09-23,18.0,,,100.0,2.31,2.33,2.32,0.66,0.67,0.66,0.29,2.9,0.0,,0.25,0.86,200.0,0.0,,,,0.0,0.0,0.0,1252.0,11265.0,1878.0,0.0,0.0,0.0,6884.0,25657.0,62579.0,109515.0,,
SIO,32.867,-117.257,,20240930.0,2024-09-30,16.9,,,100.0,2.4,2.41,2.4,1.03,1.09,1.06,0.26,3.4,0.0,,0.29,0.63,200.0,0.0,,,,0.0,0.0,0.0,626.0,1252.0,5007.0,5006.0,0.0,0.0,626.0,29413.0,40676.0,82606.0,,
SIO,32.867,-117.257,,20241007.0,2024-10-07,16.9,,,100.0,2.19,2.15,2.17,0.78,0.81,0.79,0.27,3.3,0.0,,0.22,0.72,200.0,0.0,,,,0.0,0.0,626.0,0.0,5633.0,3754.0,0.0,3755.0,1877.0,0.0,42555.0,30038.0,88238.0,,
SIO,32.867,-117.257,,20241014.0,2024-10-14,18.1,,,100.0,3.15,3.21,3.18,0.8,0.8,0.8,0.22,2.9,0.0,,0.45,0.93,200.0,0.0,,,,0.0,2503.0,626.0,6884.0,36922.0,8135.0,0.0,5632.0,2504.0,0.0,36923.0,50690.0,150819.0,,
SIO,32.867,-117.257,,20241021.0,2024-10-21,18.7,,,100.0,1.96,1.93,1.95,0.53,0.58,0.56,0.12,2.5,0.0,,0.0,0.79,200.0,0.0,,,,0.0,0.0,1252.0,1252.0,15019.0,8135.0,0.0,3129.0,626.0,0.0,34420.0,63205.0,127038.0,,
SIO,32.867,-117.257,,20241028.0,2024-10-28,18.5,,,100.0,3.29,3.2,3.25,0.55,0.65,0.6,0.2,2.3,0.0,,0.44,0.78,200.0,0.0,,,,0.0,626.0,0.0,20026.0,6884.0,6258.0,0.0,3129.0,0.0,0.0,30664.0,34418.0,102005.0,,
SIO,32.867,-117.257,,20241104.0,2024-11-04,17.4,,,100.0,2.59,2.57,2.58,0.49,0.55,0.52,0.2,4.1,0.0,,0.0,0.79,200.0,0.0,,,,0.0,0.0,1878.0,11890.0,8761.0,3129.0,0.0,0.0,0.0,0.0,36297.0,35671.0,97626.0,,
SIO,32.867,-117.257,,20241111.0,2024-11-11,16.2,,,100.0,23.21,27.24,25.23,1.57,3.06,2.31,0.15,4.5,0.0,,0.0,0.94,200.0,0.0,,,,0.0,0.0,1878.0,380487.0,4381.0,0.0,0.0,8762.0,0.0,626.0,10013.0,71340.0,477487.0,,
SIO,32.867,-117.257,,20241118.0,2024-11-18,15.3,,,100.0,8.28,8.38,8.33,0.32,0.45,0.39,0.3,5.3,0.0,,0.0,0.86,200.0,0.0,,,,0.0,0.0,626.0,68212.0,4381.0,5007.0,0.0,7510.0,0.0,0.0,6883.0,46935.0,139554.0,,
SIO,32.867,-117.257,,20241125.0,2024-11-25,15.4,,,100.0,1.09,1.06,1.08,0.46,0.39,0.43,0.21,4.7,0.0,,0.76,0.93,200.0,0.0,,,,0.0,626.0,0.0,626.0,1252.0,0.0,0.0,11264.0,0.0,0.0,9387.0,128915.0,152070.0,,
SIO,32.867,-117.257,,20241202.0,2024-12-02,15.6,,,100.0,2.87,2.84,2.86,0.44,0.47,0.46,0.2,4.1,0.0,,0.41,0.87,200.0,0.0,,,,0.0,626.0,1878.0,6258.0,2503.0,27535.0,626.0,30664.0,626.0,0.0,15019.0,50064.0,135799.0,,
SIO,32.867,-117.257,,20241209.0,2024-12-09,14.4,,,100.0,1.5,1.5,1.5,0.56,0.65,0.6,0.52,5.1,0.14,,1.19,3.78,200.0,0.0,,,,0.0,0.0,0.0,1252.0,626.0,5007.0,0.0,1877.0,0.0,0.0,48812.0,32542.0,90116.0,,
SIO,32.867,-117.257,,20241216.0,2024-12-16,13.8,,,100.0,3.51,3.25,3.38,0.88,1.13,1.0,0.31,5.5,0.0,,0.28,0.99,200.0,1.481,,,,0.0,0.0,1878.0,0.0,1252.0,1252.0,35671.0,26910.0,0.0,0.0,58199.0,33166.0,158328.0,,
SIO,32.867,-117.257,,20241223.0,2024-12-23,13.2,,,100.0,9.86,9.57,9.71,1.51,1.47,1.49,0.51,6.1,0.18,,0.6,4.44,200.0,2.475,,,,0.0,626.0,0.0,10013.0,22529.0,8761.0,171470.0,75096.0,0.0,626.0,107012.0,56322.0,452455.0,,
SIO,32.867,-117.257,,20241230.0,2024-12-30,13.4,,,100.0,5.71,5.37,5.54,1.43,1.43,1.43,0.69,9.3,0.42,,2.0,7.32,200.0,0.0,,,,0.0,1878.0,1252.0,4381.0,61954.0,22529.0,5632.0,8762.0,10013.0,626.0,71341.0,64455.0,252823.0,,
SIO,32.867,-117.257,,20250106.0,2025-01-06,13.5,,,100.0,3.52,3.47,3.5,0.75,0.76,0.76,0.59,6.7,0.18,,0.39,5.86,200.0,0.064,,,,0.0,1252.0,1878.0,0.0,21277.0,77599.0,86986.0,2503.0,3755.0,626.0,365469.0,76973.0,638318.0,,
SIO,32.867,-117.257,,20250113.0,2025-01-13,13.9,,,100.0,5.13,5.4,5.27,0.66,0.7,0.68,0.32,4.0,0.0,,0.37,1.14,200.0,0.116,,,,0.0,3129.0,1252.0,1252.0,159579.0,108889.0,37548.0,7510.0,5006.0,3129.0,144561.0,118902.0,590757.0,,
SIO,32.867,-117.257,,20250121.0,2025-01-21,14.4,,,100.0,4.13,4.18,4.16,0.68,0.58,0.63,0.31,2.2,0.0,,0.43,0.0,200.0,0.274,,,,626.0,626.0,626.0,1252.0,103883.0,29413.0,16271.0,1252.0,2503.0,0.0,24406.0,93243.0,274101.0,,
SIO,32.867,-117.257,,20250127.0,2025-01-27,13.4,,,100.0,3.5,3.23,3.37,0.49,0.6,0.54,0.26,2.1,0.0,,0.57,0.46,200.0,0.066,,,,0.0,626.0,1252.0,626.0,54445.0,22529.0,20026.0,626.0,8136.0,0.0,63831.0,71965.0,244062.0,,
SIO,32.867,-117.257,,20250203.0,2025-02-03,14.0,,,100.0,5.95,6.36,6.16,0.15,0.21,0.18,0.46,4.0,0.0,,0.53,0.0,200.0,0.0,,,,0.0,0.0,1877.0,1877.0,178353.0,6258.0,626.0,2504.0,1252.0,0.0,7509.0,39426.0,239682.0,,
SIO,32.867,-117.257,,20250210.0,2025-02-10,14.1,,,100.0,3.36,3.33,3.35,0.88,0.92,0.9,0.48,5.3,0.0,,0.37,2.82,200.0,0.0,,,,0.0,0.0,0.0,0.0,41303.0,2503.0,1252.0,1252.0,0.0,0.0,8135.0,24406.0,78851.0,,
SIO,32.867,-117.257,,20250218.0,2025-02-18,15.0,,,100.0,4.06,3.97,4.02,1.01,1.14,1.08,0.3,2.6,0.0,,0.89,0.79,200.0,2.196,,,,0.0,0.0,1252.0,0.0,18774.0,23780.0,115148.0,3129.0,626.0,626.0,138928.0,53818.0,356081.0,,
SIO,32.867,-117.257,,20250224.0,2025-02-24,15.6,,,100.0,2.12,2.16,2.14,0.82,0.66,0.74,0.24,2.6,0.0,,0.67,0.0,200.0,0.0,,,,0.0,1252.0,3129.0,0.0,30664.0,5632.0,626.0,6884.0,626.0,626.0,13142.0,85734.0,148315.0,,
SIO,32.867,-117.257,,20250304.0,2025-03-04,15.0,,,100.0,2.9,2.84,2.87,0.95,0.97,0.96,,,,,,,200.0,0.0,,,,0.0,0.0,626.0,0.0,26909.0,9387.0,0.0,5632.0,0.0,0.0,25032.0,30039.0,97625.0,,
SIO,32.867,-117.257,,20250310.0,2025-03-10,13.4,,,100.0,2.76,2.8,2.78,0.89,0.88,0.88,,,,,,,200.0,0.0,,,,0.0,1252.0,0.0,0.0,30039.0,12516.0,2503.0,1877.0,626.0,0.0,23155.0,37547.0,109515.0,,
SIO,32.867,-117.257,,20250317.0,2025-03-17,15.1,,,100.0,2.62,2.56,2.59,0.48,0.42,0.45,,,,,,,200.0,0.021,,,,0.0,3129.0,1252.0,626.0,55071.0,0.0,1877.0,5007.0,1252.0,1252.0,88238.0,60075.0,217779.0,,
SIO,32.867,-117.257,,20250324.0,2025-03-24,16.0,,,100.0,19.31,18.82,19.06,2.19,2.16,2.17,,,,,,,200.0,1.34,,,,148315.0,10012.0,1878.0,0.0,47560.0,9387.0,242811.0,3129.0,3755.0,626.0,152696.0,112019.0,732188.0,,
SIO,32.867,-117.257,,20250331.0,2025-03-31,14.0,,,100.0,10.01,9.87,9.94,1.99,1.82,1.91,,,,,,,200.0,1.072,,,,57574.0,4380.0,2504.0,0.0,47561.0,3755.0,169592.0,11264.0,3755.0,0.0,63832.0,67586.0,431803.0,,
SIO,32.867,-117.257,,20250407.0,2025-04-07,15.3,,,100.0,20.44,20.32,20.38,2.41,2.93,2.67,,,,,,,,,,,,78851.0,21903.0,626.0,0.0,117025.0,20025.0,17522.0,2504.0,10639.0,626.0,787886.0,119527.0,1177134.0,,
SIO,32.867,-117.257,,20250414.0,2025-04-14,16.3,,,100.0,3.89,4.15,4.02,0.59,0.5,0.55,,,,,,,,,,,,0.0,6884.0,1252.0,0.0,105761.0,1252.0,122031.0,6883.0,3755.0,0.0,127038.0,37548.0,412404.0,,
SIO,32.867,-117.257,,20250421.0,2025-04-21,16.3,,,100.0,3.23,3.42,3.32,0.74,0.66,0.7,,,,,,,,,,,,626.0,6884.0,626.0,626.0,104509.0,23780.0,90741.0,5007.0,8135.0,0.0,138303.0,71966.0,451203.0,,
SIO,32.867,-117.257,,20250428.0,2025-04-28,16.9,,,100.0,1.21,1.19,1.2,0.49,0.35,0.42,,,,,,,,,,,,626.0,0.0,0.0,0.0,8135.0,11264.0,17522.0,626.0,0.0,0.0,66336.0,20026.0,124535.0,,
SIO,32.867,-117.257,,20250505.0,2025-05-05,16.8,,,100.0,1.27,1.3,1.28,0.49,0.47,0.48,,,,,,,,,,,,1252.0,626.0,0.0,0.0,4381.0,3129.0,1252.0,0.0,1252.0,0.0,48186.0,35669.0,95747.0,,
SIO,32.867,-117.257,,20250512.0,2025-05-12,18.2,,,100.0,0.63,0.64,0.64,0.2,0.2,0.2,,,,,,,,,,,,0.0,626.0,0.0,0.0,9387.0,5007.0,626.0,626.0,0.0,0.0,35670.0,45683.0,97625.0,,
SIO,32.867,-117.257,,20250519.0,2025-05-19,17.6,,,100.0,2.16,2.16,2.16,0.24,0.38,0.31,,,,,,,,,,,,11264.0,626.0,0.0,0.0,5007.0,7510.0,1877.0,1878.0,626.0,0.0,82606.0,22528.0,133922.0,,
SIO,32.867,-117.257,,20250527.0,2025-05-27,20.2,,,100.0,0.68,0.67,0.68,0.13,0.13,0.13,,,,,,,,,,,,0.0,626.0,0.0,0.0,0.0,5632.0,626.0,626.0,626.0,0.0,6258.0,44431.0,58825.0,,
SIO,32.867,-117.257,,20250602.0,2025-06-02,18.1,,,100.0,2.13,2.14,2.13,0.36,0.41,0.38,,,,,,,,,,,,,,,,,,,,,,,,,,
SMP,34.008,-118.499,,810.0,2024-03-04,15.2,,,200.0,,,3.0,,,,,,,,,,200.0,0.0,,,,0.0,0.0,374.0,47124.0,3366.0,0.0,0.0,,,0.0,1122.0,22066.0,74800.0,,
SMP,34.008,-118.499,,811.0,2024-03-11,14.9,,,200.0,,,1.5,,,,0.28,,0.45,,1.54,4.2,200.0,0.0,,,,0.0,0.0,0.0,4862.0,0.0,6358.0,1122.0,,,0.0,34034.0,1122.0,49742.0,,
SMP,34.008,-118.499,,812.0,2024-03-18,15.1,,,200.0,,,1.96,,,,0.6,,0.39,,0.79,5.56,200.0,0.0,,,,0.0,0.0,0.0,0.0,0.0,6732.0,11594.0,,,0.0,64328.0,374.0,89012.0,,
SMP,34.008,-118.499,,813.0,2024-03-25,15.4,,,200.0,,,2.37,,,,0.79,,0.27,,0.59,9.0,200.0,0.0,,,,0.0,0.0,748.0,748.0,748.0,2244.0,3740.0,,,0.0,209440.0,2992.0,224400.0,,
SMP,34.008,-118.499,,814.0,2024-04-01,15.6,,,200.0,,,1.36,,,,0.71,,0.12,,0.82,6.2,200.0,0.0,,,,0.0,0.0,374.0,0.0,1870.0,0.0,3740.0,,,0.0,84150.0,1476.0,92752.0,,
SMP,34.008,-118.499,,815.0,2024-04-08,15.5,,,200.0,,,4.1,,,,0.4,,0.11,,0.64,1.54,200.0,0.0,,,,0.0,0.0,0.0,0.0,3886.0,0.0,58293.0,,,0.0,2852047.0,3886.0,2728112.0,,
SMP,34.008,-118.499,,816.0,2024-04-15,15.0,,,200.0,,,1.38,,,,0.63,,,,1.86,1.91,200.0,0.0,,,,0.0,0.0,748.0,748.0,13090.0,0.0,5610.0,,,0.0,67694.0,1122.0,89760.0,,
SMP,34.008,-118.499,,817.0,2024-04-22,15.2,,,200.0,,,6.91,,,,0.5,,,,2.02,0.58,200.0,0.0,,,,0.0,0.0,2244.0,6358.0,27302.0,748.0,5236.0,,,0.0,40392.0,2244.0,85646.0,,
SMP,34.008,-118.499,,818.0,2024-04-29,15.5,,,200.0,,,17.29,,,,1.91,,,,0.68,0.1,200.0,0.0,,,,0.0,0.0,748.0,2618.0,96118.0,748.0,0.0,,,0.0,6358.0,9350.0,116688.0,,
SMP,34.008,-118.499,,819.0,2024-05-06,15.8,,,200.0,,,6.18,,,,1.55,,1.0,,0.982,15.32,200.0,0.0,,,,0.0,0.0,0.0,2992.0,29172.0,0.0,0.0,,,0.0,4114.0,4114.0,41888.0,,
SMP,34.008,-118.499,,820.0,2024-05-13,18.1,,,200.0,,,21.36,,,,0.89,,,,0.366,0.16,200.0,0.046,,,,0.0,0.0,5610.0,5984.0,49368.0,4862.0,11220.0,,,11220.0,7480.0,11594.0,108834.0,,
SMP,34.008,-118.499,,821.0,2024-05-20,17.5,,,200.0,,,21.43,,,,1.33,,,,0.454,,200.0,0.0,,,,0.0,0.0,5984.0,1870.0,3740.0,0.0,0.0,,,0.0,1496.0,14212.0,28050.0,,
SMP,34.008,-118.499,,822.0,2024-05-28,17.8,,,200.0,,,11.97,,,,0.73,,,,0.239,,200.0,0.0,,,,0.0,0.0,1870.0,4862.0,11968.0,1122.0,0.0,,,1122.0,1496.0,10098.0,33660.0,,
SMP,34.008,-118.499,,823.0,2024-06-04,17.8,,,200.0,,,15.9,,,,0.8,,,,0.6,,200.0,0.0,,,,0.0,0.0,0.0,2992.0,5236.0,5236.0,0.0,,,374.0,6732.0,19822.0,42636.0,,
SMP,34.008,-118.499,,824.0,2024-06-10,18.4,,,200.0,,,2.16,,,,0.4,,,,0.5,0.1,200.0,0.0,,,,0.0,0.0,0.0,0.0,1122.0,0.0,0.0,,,0.0,3366.0,1496.0,6732.0,,
SMP,34.008,-118.499,,825.0,2024-06-17,19.4,,,200.0,,,1.42,,,,0.4,,0.2,,1.5,0.2,200.0,0.0,,,,0.0,0.0,748.0,748.0,9724.0,1496.0,0.0,,,4114.0,41140.0,9350.0,68442.0,,
SMP,34.008,-118.499,,826.0,2024-06-24,20.0,,,200.0,,,0.75,,,,0.3,,,,0.2,,200.0,0.0,,,,0.0,0.0,0.0,0.0,1496.0,1496.0,0.0,,,0.0,122672.0,20196.0,146608.0,,
SMP,34.008,-118.499,,827.0,2024-07-01,20.8,,,200.0,,,2.49,,,,0.3,,,,,,200.0,0.034,,,,0.0,0.0,0.0,748.0,18326.0,72930.0,0.0,,,1122.0,97614.0,11594.0,203082.0,,
SMP,34.008,-118.499,,828.0,2024-07-08,20.8,,,200.0,,,1.37,,,,0.3,,,,0.3,,200.0,0.0,,,,0.0,0.0,0.0,5236.0,23936.0,0.0,0.0,,,0.0,28424.0,9724.0,68068.0,,
SMP,34.008,-118.499,,829.0,2024-07-15,21.8,,,200.0,,,2.42,,,,0.4,,,,,,200.0,0.0,,,,0.0,0.0,0.0,1496.0,14212.0,2244.0,0.0,,,0.0,112948.0,10472.0,142868.0,,
SMP,34.008,-118.499,,830.0,2024-07-22,21.6,,,200.0,,,0.61,,,,0.4,,,,0.3,,200.0,0.0,,,,0.0,0.0,0.0,0.0,0.0,38862.0,0.0,,,0.0,2156841.0,4858.0,2200561.0,,
SMP,34.008,-118.499,,831.0,2024-07-29,21.0,,,200.0,,,1.28,,,,0.8,,0.1,,0.9,,200.0,0.0,,,,0.0,0.0,0.0,4858.0,19431.0,9716.0,9716.0,,,0.0,485775.0,4858.0,539210.0,,
SMP,34.008,-118.499,,832.0,2024-08-05,18.5,,,200.0,,,2.27,,,,0.5,,0.2,,1.4,,200.0,0.0,,,,0.0,0.0,0.0,0.0,31090.0,11659.0,7772.0,,,0.0,244831.0,27204.0,322555.0,,
SMP,34.008,-118.499,,833.0,2024-08-12,20.8,,,200.0,,,0.91,,,,0.2,,,,0.3,,200.0,0.0,,,,0.0,0.0,0.0,374.0,28424.0,2992.0,0.0,,,0.0,5984.0,6732.0,45254.0,,
SMP,34.008,-118.499,,834.0,2024-08-19,23.5,,,200.0,,,0.91,,,,0.3,,,,0.3,,200.0,0.0,,,,0.0,0.0,0.0,0.0,15708.0,0.0,0.0,,,0.0,80784.0,6732.0,103972.0,,
SMP,34.008,-118.499,,835.0,2024-08-26,23.4,,,200.0,,,1.43,,,,0.3,,,,,,200.0,0.0,,,,0.0,0.0,0.0,4488.0,10098.0,2244.0,0.0,,,5984.0,126038.0,11968.0,161568.0,,
SMP,34.008,-118.499,,836.0,2024-09-02,23.5,,,200.0,,,0.8,,,,0.4,,,,,,200.0,0.0,,,,0.0,0.0,0.0,374.0,2244.0,0.0,0.0,,,2244.0,34782.0,374.0,40766.0,,
SMP,34.008,-118.499,,837.0,2024-09-09,20.5,,,200.0,,,2.14,,,,0.5,,0.1,,0.6,,200.0,0.0,,,,0.0,0.0,0.0,0.0,1496.0,3740.0,0.0,,,0.0,90134.0,2618.0,99858.0,,
SMP,34.008,-118.499,,838.0,2024-09-16,20.0,,,200.0,,,0.73,,,,0.4,,,,0.4,0.2,200.0,0.0,,,,0.0,0.0,0.0,0.0,374.0,0.0,748.0,,,0.0,32164.0,1496.0,36278.0,,
SMP,34.008,-118.499,,839.0,2024-09-23,20.0,,,200.0,,,4.3,,,,0.4,,,,0.5,0.3,200.0,0.0,,,,0.0,0.0,0.0,374.0,3740.0,748.0,0.0,,,0.0,1870.0,2618.0,14960.0,,
SMP,34.008,-118.499,,840.0,2024-09-30,19.0,,,200.0,,,6.8,,,,0.4,,,,1.0,0.2,200.0,0.0,,,,0.0,0.0,374.0,1122.0,1496.0,0.0,0.0,,,0.0,2244.0,7480.0,14586.0,,
SMP,34.008,-118.499,,841.0,2024-10-07,19.0,,,200.0,,,2.3,,,,0.4,,0.2,,2.1,0.4,200.0,0.0,,,,1122.0,0.0,0.0,4488.0,3740.0,3366.0,1122.0,,,374.0,8602.0,4862.0,28801.0,,
SMP,34.008,-118.499,,842.0,2024-10-14,20.0,,,200.0,,,14.0,,,,0.5,,,,,0.1,200.0,0.0,,,,0.0,0.0,0.0,110704.0,13464.0,0.0,0.0,,,374.0,14212.0,23562.0,164186.0,,
SMP,34.008,-118.499,,843.0,2024-10-21,19.5,,,200.0,,,33.8,,,,0.5,,0.3,,0.3,0.4,200.0,0.0,,,,0.0,0.0,6471.0,3024759.0,472821.0,0.0,0.0,,,0.0,0.0,213735.0,3721672.0,,
SMP,34.008,-118.499,,844.0,2024-10-28,16.5,,,200.0,,,2.6,,,,0.3,,0.5,,3.3,0.2,200.0,0.0,,,,0.0,0.0,2244.0,46750.0,3740.0,0.0,374.0,,,1870.0,748.0,72556.0,128656.0,,
SMP,34.008,-118.499,,845.0,2024-11-04,15.5,,,200.0,,,0.63,,,,0.9,,0.7,,4.3,3.5,200.0,0.0,,,,0.0,0.0,0.0,1122.0,0.0,0.0,0.0,,,0.0,1870.0,14960.0,24684.0,,
SMP,34.008,-118.499,,846.0,2024-11-11,16.75,,,200.0,,,7.6,,,,0.6,,0.3,,2.9,0.6,200.0,0.0,,,,0.0,0.0,374.0,14960.0,6732.0,748.0,2244.0,,,0.0,95744.0,3740.0,128656.0,,
SMP,34.008,-118.499,,847.0,2024-11-18,15.0,,,200.0,,,1.8,,,,0.7,,0.3,,3.3,4.9,200.0,0.0,,,,0.0,0.0,1496.0,13838.0,4114.0,748.0,0.0,,,0.0,12716.0,2244.0,36278.0,,
SMP,34.008,-118.499,,848.0,2024-11-25,15.0,,,200.0,,,1.3,,,,0.6,,0.3,,2.6,4.2,200.0,0.0,,,,0.0,0.0,0.0,374.0,748.0,0.0,0.0,,,0.0,9350.0,374.0,14960.0,,
SMP,34.008,-118.499,,849.0,2024-12-02,15.5,,,200.0,,,0.78,,,,0.5,,0.2,,1.5,1.6,200.0,0.0,,,,0.0,0.0,0.0,0.0,0.0,0.0,0.0,,,0.0,4760.0,680.0,6188.0,,
SMP,34.008,-118.499,,850.0,2024-12-09,15.0,,,200.0,,,4.03,,,,0.39,,0.06,,1.37,0.43,200.0,0.0,,,,0.0,0.0,2244.0,2244.0,18326.0,0.0,0.0,,,0.0,1870.0,10472.0,39270.0,,
SMP,34.008,-118.499,,851.0,2024-12-16,16.0,,,200.0,,,3.66,,,,,,,,,,200.0,0.0,,,,0.0,0.0,374.0,3740.0,29546.0,0.0,748.0,,,0.0,4488.0,13090.0,54230.0,,
SMP,34.008,-118.499,,852.0,2024-12-23,16.0,,,200.0,,,4.6,,,,0.52,,0.03,,1.8,0.08,200.0,0.0,,,,0.0,0.0,374.0,374.0,11220.0,0.0,0.0,,,0.0,5236.0,7106.0,28424.0,,
SMP,34.008,-118.499,,853.0,2024-12-30,15.5,,,200.0,,,3.92,,,,0.53,,0.63,,3.88,1.5,200.0,0.0,,,,0.0,0.0,1496.0,2992.0,86394.0,0.0,0.0,,,0.0,1122.0,7854.0,100606.0,,
SMP,34.008,-118.499,,854.0,2025-01-06,15.5,,,200.0,,,17.32,,,,0.57,,0.03,,0.75,0.0,200.0,0.0,,,,0.0,0.0,2992.0,2992.0,320144.0,0.0,2244.0,,,0.0,16456.0,22440.0,368016.0,,
SMP,34.008,-118.499,,855.0,2025-01-13,15.0,,,200.0,,,8.55,,,,0.33,,0.18,,1.06,0.98,200.0,0.0,,,,0.0,0.0,0.0,2244.0,15708.0,30668.0,34408.0,,,0.0,236368.0,14212.0,335478.0,,
SMP,34.008,-118.499,,856.0,2025-01-20,15.0,,,200.0,,,2.43,,,,0.46,,0.26,,1.81,0.61,200.0,0.086,,,,0.0,0.0,748.0,374.0,28798.0,13090.0,3366.0,,,0.0,138006.0,0.0,186252.0,,
SMP,34.008,-118.499,,857.0,2025-01-27,15.0,,,200.0,,,1.14,,,,0.56,,0.17,,2.05,1.99,200.0,0.0,,,,0.0,0.0,0.0,0.0,8228.0,374.0,1122.0,,,0.0,12716.0,1122.0,25806.0,,
SMP,34.008,-118.499,,858.0,2025-02-03,14.2,,,200.0,,,0.69,,,,0.55,,0.28,,4.59,2.26,200.0,0.0,,,,0.0,0.0,374.0,0.0,1122.0,0.0,374.0,,,0.0,1870.0,748.0,5236.0,,
SMP,34.008,-118.499,,859.0,2025-02-10,16.0,,,200.0,,,0.88,,,,0.6,,0.17,,1.9,1.33,200.0,0.032,,,,0.0,0.0,0.0,0.0,748.0,1496.0,3366.0,,,0.0,4488.0,374.0,11220.0,,
SMP,34.008,-118.499,,860.0,2025-02-17,16.0,,,200.0,,,0.53,,,,0.86,,0.37,,2.66,3.6,200.0,0.0,,,,0.0,0.0,0.0,0.0,0.0,374.0,0.0,,,0.0,2244.0,5236.0,9350.0,,
SMP,34.008,-118.499,,861.0,2025-02-24,16.0,,,200.0,,,5.26,,,,0.49,,0.1,,0.97,0.77,200.0,0.261,,,,0.0,0.0,2244.0,0.0,13464.0,0.0,20196.0,,,0.0,15708.0,9724.0,62084.0,,
SMP,34.008,-118.499,,862.0,2025-03-03,14.2,,,200.0,,,1.54,,,,0.94,,0.21,,1.88,6.09,200.0,0.43,,,,0.0,0.0,374.0,0.0,1870.0,1870.0,18326.0,,,0.0,26180.0,748.0,50116.0,,
SMP,34.008,-118.499,,863.0,2025-03-10,14.9,,,200.0,,,6.68,,,,,,,,,,200.0,2.475,,,,0.0,0.0,6412.0,6412.0,6412.0,0.0,1528442.0,,,0.0,0.0,0.0,1547679.0,,
SMP,34.008,-118.499,,864.0,2025-03-17,14.8,,,200.0,,,15.62,,,,,,,,,,200.0,1.238,,,,0.0,0.0,0.0,6412.0,6412.0,0.0,1042667.0,,,0.0,187703.0,0.0,1243195.0,,
SMP,34.008,-118.499,,865.0,2025-03-24,16.1,,,200.0,,,5.68,,,,,,,,,,200.0,2.268,,,,0.0,0.0,748.0,0.0,35156.0,0.0,121924.0,,,0.0,14960.0,13464.0,187000.0,,
SMP,34.008,-118.499,,866.0,2025-03-31,15.1,,,200.0,,,7.38,,,,,,,,,,200.0,1.692,,,,0.0,748.0,1496.0,748.0,71060.0,0.0,55352.0,,,0.0,7840.0,51612.0,189244.0,,
SMP,34.008,-118.499,,867.0,2025-04-07,13.3,,,200.0,,,21.27,,,,,,,,,,200.0,,,,,0.0,0.0,0.0,0.0,48578.0,0.0,218599.0,,,0.0,514922.0,38862.0,825818.0,,
SMP,34.008,-118.499,,868.0,2025-04-14,14.8,,,200.0,,,5.38,,,,,,,,,,200.0,,,,,0.0,0.0,0.0,0.0,19431.0,0.0,217627.0,,,0.0,104927.0,15543.0,361417.0,,
SMP,34.008,-118.499,,869.0,2025-04-21,16.2,,,50.0,,,,,,,,,,,,,50.0,,,,,0.0,11428.0,8096.0,0.0,809625.0,0.0,0.0,,,0.0,8690.0,0.0,869630.0,,
SMP,34.008,-118.499,,870.0,2025-04-28,16.9,,,200.0,,,,,,,,,,,,,200.0,,,,,0.0,7772.0,0.0,0.0,435254.0,0.0,0.0,,,0.0,0.0,19431.0,462458.0,,
SMP,34.008,-118.499,,871.0,2025-05-05,17.1,,,200.0,,,,,,,,,,,,,200.0,,,,,0.0,0.0,1122.0,0.0,43758.0,0.0,0.0,,,0.0,10846.0,10846.0,67320.0,,
SMP,34.008,-118.499,,872.0,2025-05-12,18.9,,,200.0,,,,,,,,,,,,,200.0,,,,,0.0,0.0,0.0,748.0,7854.0,3740.0,0.0,,,0.0,20570.0,2618.0,38522.0,,
SMP,34.008,-118.499,,873.0,2025-05-19,19.0,,,200.0,,,,,,,,,,,,,200.0,,,,,0.0,0.0,374.0,0.0,7854.0,0.0,0.0,,,0.0,16830.0,7854.0,35904.0,,
SMP,34.008,-118.499,,874.0,2025-05-26,20.0,,,200.0,,,,,,,,,,,,,200.0,,,,,0.0,0.0,374.0,0.0,4862.0,748.0,748.0,,,0.0,31790.0,7854.0,49742.0,,
SMP,34.008,-118.499,,875.0,2025-06-02,19.8,,,200.0,,,,,,,,,,,,,200.0,,,,,0.0,0.0,0.0,0.0,4114.0,748.0,0.0,,,0.0,10846.0,3366.0,21692.0,,
HAB_SCW,36.958,-122.017,,WW030624SC,2024-03-06,13.5,,,25.0,2.27,2.04,2.16,,,,,,,,,,250.0,0.331107,,,,,40.0,40.0,,,,1600.0,,,,,,,,
HAB_SCW,36.958,-122.017,,WW031324SC,2024-03-13,13.2,,,25.0,2.57,2.42,2.49,,,,,,,,,,250.0,0.080481,,,,,0.0,0.0,,,,650.0,,,,,,,,
HAB_SCW,36.958,-122.017,,WW032024SC,2024-03-20,14.3,,,25.0,6.01,7.41,6.71,,,,,,,,,,250.0,0.123292,,,,,0.0,290.0,,,,200.0,,,,,,,,
HAB_SCW,36.958,-122.017,,WW032724SC,2024-03-27,13.2,,,25.0,2.47,2.39,2.43,,,,,,,,,,250.0,0.026366,,,,,0.0,80.0,,,,200.0,,,,,,,,
HAB_SCW,36.958,-122.017,,WW040324SC,2024-04-03,13.2,,,25.0,5.47,5.57,5.52,,,,,,,,,,250.0,0.0,,,,,120.0,310.0,,,,2600.0,,,,,,,,
HAB_SCW,36.958,-122.017,,WW041024SC,2024-04-10,12.8,,,25.0,2.95,3.52,3.23,,,,,,,,,,250.0,0.0,,,,,10.0,70.0,,,,0.0,,,,,,,,
HAB_SCW,36.958,-122.017,,WW041724SC,2024-04-17,12.5,,,25.0,4.69,4.99,4.84,,,,,,,,,,250.0,0.0,,,,,10.0,190.0,,,,650.0,,,,,,,,
HAB_SCW,36.958,-122.017,,WW042424SC,2024-04-24,14.1,,,25.0,3.29,3.47,3.38,,,,,,,,,,250.0,0.0,,,,,130.0,2500.0,,,,0.0,,,,,,,,
HAB_SCW,36.958,-122.017,,WW050124SC,2024-05-01,13.4,,,25.0,8.46,9.2,8.83,,,,,,,,,,250.0,0.0,,,,,3880.0,14425.0,,,,1200.0,,,,,,,,
HAB_SCW,36.958,-122.017,,WW050824SC,2024-05-08,13.1,,,25.0,21.17,21.17,21.17,,,,,,,,,,250.0,0.049856,,,,,640.0,2875.0,,,,85750.0,,,,,,,,
HAB_SCW,36.958,-122.017,,WW051524SC,2024-05-15,12.5,,,25.0,6.46,6.18,6.32,,,,,,,,,,250.0,0.010593655,,,,,150.0,1875.0,,,,800.0,,,,,,,,
HAB_SCW,36.958,-122.017,,WW052224SC,2024-05-22,14.8,,,25.0,9.03,9.36,9.2,,,,,,,,,,250.0,0.0,,,,,570.0,9750.0,,,,0.0,,,,,,,,
HAB_SCW,36.958,-122.017,,WW052924SC,2024-05-29,14.0,,,25.0,7.34,7.51,7.42,,,,,,,,,,250.0,0.0,,,,,1150.0,1450.0,,,,0.0,,,,,,,,
HAB_SCW,36.958,-122.017,,WW060524SC,2024-06-05,13.9,,,25.0,8.21,6.92,7.57,,,,,,,,,,250.0,0.0,,,,,1150.0,1875.0,,,,0.0,,,,,,,,
HAB_SCW,36.958,-122.017,,WW061224SC,2024-06-12,14.8,,,25.0,4.96,5.41,5.18,,,,,,,,,,250.0,0.015362,,,,,11670.0,5750.0,,,,750.0,,,,,,,,
HAB_SCW,36.958,-122.017,,WW061924SC,2024-06-19,14.2,,,25.0,3.7,3.63,3.66,,,,,,,,,,250.0,0.012972,,,,,6230.0,5400.0,,,,0.0,,,,,,,,
HAB_SCW,36.958,-122.017,,WW062624SC,2024-06-26,14.2,,,25.0,9.94,8.71,9.33,,,,,,,,,,250.0,0.0,,,,,15500.0,2975.0,,,,2950.0,,,,,,,,
HAB_SCW,36.958,-122.017,,WW070324SC,2024-07-03,15.2,,,25.0,6.68,6.94,6.81,,,,,,,,,,250.0,0.0,,,,,2870.0,,,,,0.0,,,,,,,,
HAB_SCW,36.958,-122.017,,WW071024SC,2024-07-10,16.6,,,25.0,2.54,3.14,2.84,,,,,,,,,,250.0,0.0,,,,,0.0,3250.0,,,,0.0,,,,,,,,
HAB_SCW,36.958,-122.017,,WW071724SC,2024-07-17,15.3,,,25.0,14.86,13.87,14.37,,,,,,,,,,250.0,0.0,,,,,20.0,5650.0,,,,0.0,,,,,,,,
HAB_SCW,36.958,-122.017,,WW072424SC,2024-07-24,16.4,,,25.0,4.45,4.89,4.67,,,,,,,,,,250.0,0.02146,,,,,200.0,800.0,,,,0.0,,,,,,,,
HAB_SCW,36.958,-122.017,,WW073124SC,2024-07-31,16.3,,,25.0,21.35,22.49,21.92,,,,,,,,,,250.0,0.11214,,,,,1730.0,4600.0,,,,0.0,,,,,,,,
HAB_SCW,36.958,-122.017,,WW080724SC,2024-08-07,16.4,,,25.0,11.82,11.66,11.74,,,,,,,,,,250.0,0.113,,,,,5400.0,2175.0,,,,0.0,,,,,,,,
HAB_SCW,36.958,-122.017,,WW081424SC,2024-08-14,14.5,,,25.0,9.93,6.99,8.46,,,,,,,,,,250.0,0.011252,,,,,41280.0,1100.0,,,,0.0,,,,,,,,
HAB_SCW,36.958,-122.017,,WW082124SC,2024-08-21,13.4,,,25.0,2.69,2.68,2.69,,,,,,,,,,250.0,0.002259,,,,,7520.0,100.0,,,,0.0,,,,,,,,
HAB_SCW,36.958,-122.017,,WW082824SC,2024-08-28,15.6,,,25.0,11.41,9.61,10.51,,,,,,,,,,250.0,0.007361,,,,,0.0,8350.0,,,,0.0,,,,,,,,
HAB_SCW,36.958,-122.017,,WW090424SC,2024-09-04,15.2,,,25.0,1.87,1.99,1.93,,,,,,,,,,250.0,0.0,,,,,0.0,425.0,,,,0.0,,,,,,,,
HAB_SCW,36.958,-122.017,,WW091124SC,2024-09-11,16.4,,,25.0,14.37,,14.37,,,,,,,,,,250.0,0.0,,,,,100.0,,,,,0.0,,,,,,,,
HAB_SCW,36.958,-122.017,,WW091824SC,2024-09-18,15.9,,,25.0,21.33,19.04,20.19,,,,,,,,,,250.0,0.0,,,,,4267.0,15925.0,,,,0.0,,,,,,,,
HAB_SCW,36.958,-122.017,,WW092524SC,2024-09-25,15.2,,,25.0,18.88,16.34,17.61,,,,,,,,,,250.0,9.95E-4,,,,,1747.0,9825.0,,,,0.0,,,,,,,,
HAB_SCW,36.958,-122.017,,WW100224SC,2024-10-02,15.6,,,25.0,1.85,1.72,1.79,,,,,,,,,,250.0,0.0,,,,,460.0,625.0,,,,0.0,,,,,,,,
HAB_SCW,36.958,-122.017,,WW100924SC,2024-10-09,16.8,,,25.0,45.3,42.67,43.99,,,,,,,,,,250.0,0.004402,,,,,2613.0,,,,,0.0,,,,,,,,
HAB_SCW,36.958,-122.017,,WW101624SC,2024-10-16,15.7,,,25.0,12.08,12.65,12.36,,,,,,,,,,250.0,0.003218,,,,,560.0,8000.0,,,,0.0,,,,,,,,
HAB_SCW,36.958,-122.017,,WW102324SC,2024-10-23,13.6,,,25.0,4.11,4.6,4.36,,,,,,,,,,250.0,0.003211,,,,,120.0,325.0,,,,0.0,,,,,,,,
HAB_SCW,36.958,-122.017,,WW103024SC,2024-10-30,12.3,,,25.0,4.09,2.58,3.33,,,,,,,,,,250.0,0.0,,,,,0.0,160.0,,,,0.0,,,,,,,,
HAB_SCW,36.958,-122.017,,WW110624SC,2024-11-06,12.5,,,25.0,3.81,,3.81,,,,,,,,,,250.0,0.010714,,,,,120.0,470.0,,,,0.0,,,,,,,,
HAB_SCW,36.958,-122.017,,WW111324SC,2024-11-13,12.3,,,25.0,6.42,6.88,6.65,,,,,,,,,,250.0,0.0,,,,,380.0,,,,,0.0,,,,,,,,
HAB_SCW,36.958,-122.017,,WW112024SC,2024-11-20,11.7,,,25.0,1.88,2.16,2.02,,,,,,,,,,250.0,0.0,,,,,20.0,0.0,,,,0.0,,,,,,,,
HAB_SCW,36.958,-122.017,,WW112724SC,2024-11-27,12.1,,,25.0,6.89,7.82,7.36,,,,,,,,,,250.0,0.0,,,,,170.0,300.0,,,,0.0,,,,,,,,
HAB_SCW,36.958,-122.017,,WW120424SC,2024-12-04,11.9,,,25.0,6.16,5.19,5.68,,,,,,,,,,250.0,0.0,,,,,50.0,210.0,,,,0.0,,,,,,,,
HAB_SCW,36.958,-122.017,,WW121124SC,2024-12-11,11.8,,,25.0,6.95,7.08,7.01,,,,,,,,,,250.0,0.0,,,,,10.0,200.0,,,,0.0,,,,,,,,
HAB_SCW,36.958,-122.017,,WW121824SC,2024-12-18,11.7,,,25.0,3.53,3.01,3.27,,,,,,,,,,250.0,0.0,,,,,0.0,0.0,,,,0.0,,,,,,,,
HAB_SCW,36.958,-122.017,,WW010825SC,2025-01-08,11.9,,,25.0,2.71,2.54,2.63,,,,,,,,,,250.0,0.0,,,,,0.0,10.0,,,,0.0,,,,,,,,
HAB_SCW,36.958,-122.017,,WW011525SC,2025-01-15,12.3,,,25.0,2.99,2.99,2.99,,,,,,,,,,250.0,0.0,,,,,0.0,60.0,,,,0.0,,,,,,,,
HAB_SCW,36.958,-122.017,,WW012225SC,2025-01-22,9.0,,,25.0,2.94,3.18,3.06,,,,,,,,,,250.0,0.0,,,,,0.0,100.0,,,,0.0,,,,,,,,
HAB_SCW,36.958,-122.017,,WW012925SC,2025-01-29,10.7,,,25.0,1.19,1.26,1.23,,,,,,,,,,250.0,0.0,,,,,0.0,150.0,,,,0.0,,,,,,,,
HAB_SCW,36.958,-122.017,,WW020525SC,2025-02-05,10.6,,,25.0,1.95,2.14,2.05,,,,,,,,,,250.0,6.66E-4,,,,,0.0,240.0,,,,0.0,,,,,,,,
HAB_SCW,36.958,-122.017,,WW021225SC,2025-02-12,11.5,,,25.0,1.88,2.27,2.07,,,,,,,,,,250.0,0.027448,,,,,0.0,0.0,,,,0.0,,,,,,,,
HAB_SCW,36.958,-122.017,,WW021925SC,2025-02-19,11.8,,,25.0,1.08,1.05,1.06,,,,,,,,,,250.0,0.0,,,,,0.0,0.0,,,,0.0,,,,,,,,
HAB_SCW,36.958,-122.017,,WW022625SC,2025-02-26,12.3,,,25.0,1.87,1.89,1.88,,,,,,,,,,250.0,0.0,,,,,0.0,0.0,,,,0.0,,,,,,,,
HAB_SCW,36.958,-122.017,,WW030525SC,2025-03-05,11.8,,,25.0,1.1,1.06,1.08,,,,,,,,,,250.0,0.0,,,,,0.0,0.0,,,,0.0,,,,,,,,
HAB_SCW,36.958,-122.017,,WW031225SC,2025-03-12,11.9,,,25.0,6.93,6.94,6.94,,,,,,,,,,250.0,0.002081,,,,,20.0,10.0,,,,200.0,,,,,,,,
HAB_SCW,36.958,-122.017,,WW031925SC,2025-03-19,12.0,,,25.0,2.59,2.41,2.5,,,,,,,,,,250.0,0.028227,,,,,0.0,20.0,,,,5250.0,,,,,,,,
HAB_SCW,36.958,-122.017,,WW032625SC,2025-03-26,12.5,,,25.0,4.19,3.47,3.83,,,,,,,,,,250.0,0.485628,,,,,20.0,230.0,,,,56100.0,,,,,,,,
HAB_SCW,36.958,-122.017,,WW040225SC,2025-04-02,13.0,,,25.0,2.46,2.35,2.41,,,,,,,,,,250.0,0.151884,,,,,60.0,120.0,,,,3250.0,,,,,,,,
HAB_SCW,36.958,-122.017,,WW040925SC,2025-04-09,13.7,,,25.0,3.61,2.0,2.81,,,,,,,,,,250.0,0.279264,,,,,10.0,70.0,,,,37000.0,,,,,,,,
HAB_SCW,36.958,-122.017,,WW041625SC,2025-04-16,12.2,,,25.0,14.46,12.4,13.43,,,,,,,,,,250.0,0.289188,,,,,370.0,290.0,,,,48100.0,,,,,,,,
HAB_SCW,36.958,-122.017,,WW042325SC,2025-04-23,12.7,,,25.0,3.7,3.92,3.81,,,,,,,,,,250.0,0.667954,,,,,10.0,160.0,,,,2300.0,,,,,,,,
HAB_SCW,36.958,-122.017,,WW043025SC,2025-04-30,13.4,,,25.0,7.18,7.1,7.14,,,,,,,,,,250.0,0.123699,,,,,90.0,400.0,,,,0.0,,,,,,,,
HAB_SCW,36.958,-122.017,,WW050725SC,2025-05-07,13.6,,,25.0,3.28,3.63,3.46,,,,,,,,,,250.0,0.0,,,,,40.0,0.0,,,,0.0,,,,,,,,
HAB_SCW,36.958,-122.017,,WW051425SC,2025-05-14,13.3,,,25.0,,,,,,,,,,,,,250.0,0.046105,,,,,2440.0,3700.0,,,,10450.0,,,,,,,,
HAB_SCW,36.958,-122.017,,WW052125SC,2025-05-21,14.1,,,25.0,3.93,4.98,4.46,,,,,,,,,,250.0,1.1403815,,,,,1440.0,1075.0,,,,149600.0,,,,,,,,
HAB_SCW,36.958,-122.017,,WW052825SC,2025-05-28,13.7,,,25.0,4.03,4.22,4.13,,,,,,,,,,250.0,0.14204401,,,,,2860.0,2325.0,,,,47800.0,,,,,,,,
HAB_SCW,36.958,-122.017,,WW060425SC,2025-06-04,13.5,,,25.0,6.28,5.76,6.02,,,,,,,,,,250.0,,,,,,90.0,2125.0,,,,0.0,,,,,,,,
MBB,35.32999,-120.844475,,MBB240305,2024-03-05,13.6,,27.2,100.0,1.83,1.5,1.665,1.37,1.21,1.29,,,,,,,,,,,25.0,0.0,0.0,0.0,0.0,0.0,0.0,0.0,0.0,0.0,0.0,7463.074,0.0,7463.074,,
MBB,35.32999,-120.844475,,MBB240311,2024-03-11,14.3,,33.3,100.0,0.68,0.9,0.79,0.63,0.87,0.75,,,,,,,,,,,25.0,0.0,0.0,0.0,0.0,0.0,0.0,0.0,0.0,0.0,0.0,13326.918,0.0,13326.918,,
MBB,35.32999,-120.844475,,MBB240318,2024-03-18,13.7,,33.3,100.0,2.17,2.13,2.15,1.22,1.22,1.22,,,,,,,,,,,25.0,0.0,0.0,0.0,0.0,0.0,0.0,0.0,0.0,0.0,0.0,43179.215,2132.307,47443.83,,
MBB,35.32999,-120.844475,,MBB240325,2024-03-25,15.1,,31.2,100.0,3.49,3.18,3.335,2.41,2.2,2.305,,,,,,,,,,,25.0,0.0,0.0,0.0,0.0,0.0,0.0,0.0,0.0,0.0,0.0,11727.6875,533.0767,12260.765,,
MBB,35.32999,-120.844475,,MBB240403,2024-04-03,14.9,,30.6,100.0,0.91,1.01,0.96,1.65,1.74,1.695,,,,,,,,,,,25.0,0.0,0.0,0.0,0.0,533.0767,1066.1534,0.0,0.0,0.0,0.0,9595.381,2665.3835,13859.995,,
MBB,35.32999,-120.844475,,MBB240408,2024-04-08,14.039,,31.39,100.0,1.4,1.36,1.38,1.4,1.35,1.375,,,,,,,,,,,25.0,0.0,0.0,0.0,0.0,533.0767,0.0,0.0,0.0,0.0,0.0,5330.767,1066.1534,7463.074,,
MBB,35.32999,-120.844475,,MBB240416,2024-04-16,13.6,,26.6,100.0,0.71,0.7,0.705,1.93,1.85,1.89,,,,,,,,,,,25.0,0.0,0.0,0.0,0.0,0.0,0.0,0.0,0.0,0.0,0.0,4797.6904,0.0,4797.6904,,
MBB,35.32999,-120.844475,,MBB240422,2024-04-22,16.3,,30.6,100.0,2.37,2.42,2.395,1.79,1.91,1.85,,,,,,,,,,,25.0,0.0,0.0,0.0,0.0,0.0,0.0,0.0,533.0767,0.0,0.0,18657.686,533.0767,19723.838,,
MBB,35.32999,-120.844475,,MBB240430,2024-05-01,18.5,,31.1,100.0,3.18,3.35,3.265,4.15,4.36,4.255,,,,,,,,,,,25.0,0.0,0.0,0.0,0.0,0.0,0.0,0.0,0.0,0.0,533.0767,78895.35,533.0767,79961.51,,
MBB,35.32999,-120.844475,,MBB240506,2024-05-06,14.8,,32.7,100.0,2.21,2.28,2.245,1.72,1.95,1.835,,,,,,,,,,,25.0,0.0,0.0,0.0,0.0,0.0,0.0,0.0,0.0,0.0,1066.1534,33583.832,1066.1534,35716.14,,
MBB,35.32999,-120.844475,,MBB240513,2024-05-14,16.6,,31.8,100.0,3.97,4.1,4.04,2.87,2.68,2.77,,,,,,,,,,,25.0,0.0,0.0,0.0,0.0,0.0,0.0,0.0,0.0,0.0,1066.1534,6396.921,0.0,7463.074,,
MBB,35.32999,-120.844475,,MBB240520,2024-05-20,15.1,,31.0,100.0,2.16,2.17,2.16,2.9,2.42,2.66,,,,,,,,,,,25.0,0.0,0.0,0.0,0.0,0.0,0.0,0.0,0.0,0.0,0.0,6396.921,1066.1534,7463.074,,
MBB,35.32999,-120.844475,,MBB240528,2024-05-28,19.7,,32.2,100.0,5.67,5.61,5.64,4.2,4.18,4.19,,,,,,,,,,,25.0,0.0,0.0,0.0,0.0,0.0,0.0,0.0,0.0,0.0,1066.1534,11194.611,0.0,12260.765,,
MBB,35.32999,-120.844475,,MBB240603,2024-06-03,17.1,,32.6,100.0,1.48,1.53,1.505,2.03,,2.03,,,,,,,,,,,25.0,0.0,0.0,0.0,0.0,0.0,0.0,0.0,0.0,0.0,0.0,4797.6904,1599.2302,6396.921,,
MBB,35.32999,-120.844475,,MBB240610,2024-06-10,17.6,,33.6,100.0,3.78,3.89,3.835,1.93,1.79,1.86,,,,,,,,,,,25.0,0.0,0.0,0.0,0.0,0.0,0.0,0.0,0.0,0.0,0.0,30918.45,0.0,30918.45,,
MBB,35.32999,-120.844475,,MBB240617,2024-06-17,16.6,,31.5,100.0,4.38,4.79,4.585,3.69,3.39,3.54,,,,,,,,,,,25.0,0.0,0.0,0.0,0.0,0.0,0.0,0.0,0.0,0.0,0.0,7463.074,0.0,7463.074,,
MBB,35.32999,-120.844475,,MBB240624,2024-06-24,22.1,,33.1,100.0,6.06,6.23,6.145,1.88,2.24,2.06,,,,,,,,,,,25.0,0.0,0.0,0.0,0.0,0.0,0.0,0.0,0.0,0.0,0.0,12793.842,533.0767,13326.918,,
MBB,35.32999,-120.844475,,MBB240701,2024-07-01,17.7,,33.3,100.0,3.08,3.01,3.045,2.55,2.7,2.625,,,,,,,,,,,25.0,0.0,0.0,0.0,0.0,0.0,0.0,0.0,0.0,0.0,533.0767,6396.921,0.0,6929.9976,,
MBB,35.32999,-120.844475,,MBB240708,2024-07-08,19.3,,33.1,100.0,4.38,4.37,4.375,1.77,1.92,1.845,,,,,,,,,,,25.0,0.0,0.0,0.0,0.0,0.0,1599.2302,0.0,0.0,0.0,0.0,7996.151,2132.307,11727.6875,,
MBB,35.32999,-120.844475,,MBB240715,2024-07-15,18.8,,33.0,100.0,8.05,7.61,7.83,5.75,5.49,5.62,,,,,,,,,,,25.0,0.0,0.0,0.0,0.0,0.0,0.0,0.0,0.0,0.0,0.0,5863.8438,533.0767,6396.921,,
MBB,35.32999,-120.844475,,MBB240722,2024-07-22,14.4,,33.4,100.0,5.43,5.32,5.37,2.17,2.36,2.26,,,,,,,,,,,25.0,0.0,0.0,0.0,0.0,533.0767,0.0,0.0,0.0,0.0,533.0767,5863.8438,2132.307,9062.305,,
MBB,35.32999,-120.844475,,MBB240729,2024-07-30,20.4,,33.5,100.0,5.86,6.93,6.4,1.21,1.82,1.76,,,,,,,,,,,25.0,0.0,0.0,0.0,0.0,0.0,0.0,0.0,0.0,0.0,0.0,3731.537,0.0,3731.537,,
MBB,35.32999,-120.844475,,MBB240805,2024-08-05,18.7,,33.4,100.0,4.56,4.14,4.35,1.5,1.81,1.655,,,,,,,,,,,25.0,0.0,0.0,0.0,0.0,0.0,0.0,2132.307,0.0,0.0,0.0,7463.074,0.0,9595.381,,
MBB,35.32999,-120.844475,,MBB240812,2024-08-12,20.1,,33.2,100.0,6.06,6.28,6.17,1.88,1.99,1.935,,,,,,,,,,,25.0,0.0,0.0,0.0,0.0,1066.1534,0.0,0.0,0.0,0.0,0.0,3731.537,1599.2302,6396.921,,
MBB,35.32999,-120.844475,,MBB240819,2024-08-19,20.0,,32.4,100.0,6.31,5.83,6.07,1.94,2.0,1.97,,,,,,,,,,,25.0,2665.3835,0.0,0.0,0.0,0.0,0.0,0.0,0.0,0.0,0.0,7996.151,0.0,10661.534,,
MBB,35.32999,-120.844475,,MBB240826,2024-08-26,21.8,,33.3,100.0,13.16,14.0,13.58,2.67,1.97,2.32,,,,,,,,,,,25.0,10661.534,533.0767,0.0,0.0,4797.6904,0.0,0.0,533.0767,0.0,533.0767,4797.6904,5330.767,27186.912,,
MBB,35.32999,-120.844475,,MBB240902,2024-09-02,19.6,,33.1,100.0,7.0,5.88,6.44,1.12,2.66,1.89,,,,,,,,,,,25.0,2132.307,0.0,0.0,0.0,533.0767,0.0,0.0,0.0,0.0,0.0,9595.381,1599.2302,13859.995,,
MBB,35.32999,-120.844475,,MBB240910,2024-09-10,22.0,,33.1,100.0,5.37,5.95,5.66,2.72,2.38,2.55,,,,,,,,,,,25.0,5863.8438,1066.1534,0.0,0.0,42113.062,0.0,0.0,0.0,0.0,1599.2302,5863.8438,18657.686,75163.82,,
MBB,35.32999,-120.844475,,MBB240916,2024-09-16,17.5,,33.44,100.0,5.99,6.02,6.005,2.86,2.53,2.695,,,,,,,,,,,25.0,0.0,0.0,0.0,0.0,3731.537,0.0,0.0,0.0,0.0,0.0,12260.765,2132.307,18124.61,,
MBB,35.32999,-120.844475,,MBB240924,2024-09-24,19.3,,33.0,100.0,5.11,5.02,5.07,2.16,2.43,2.29,,,,,,,,,,,25.0,533.0767,0.0,0.0,0.0,5330.767,0.0,0.0,0.0,0.0,1599.2302,2665.3835,1066.1534,11727.6875,,
MBB,35.32999,-120.844475,,MBB241001,2024-10-01,18.0,,33.3,100.0,7.36,8.54,7.95,3.2,3.37,3.28,,,,,,,,,,,25.0,6929.9976,2132.307,0.0,0.0,1066.1534,0.0,0.0,1066.1534,0.0,0.0,4264.614,7463.074,22922.299,,
MBB,35.32999,-120.844475,,MBB241007,2024-10-07,19.8,,33.4,100.0,4.2,3.88,4.04,2.07,2.31,2.19,,,,,,,,,,,25.0,6396.921,0.0,0.0,0.0,16525.379,2665.3835,0.0,1066.1534,0.0,3731.537,2665.3835,9062.305,42646.137,,
MBB,35.32999,-120.844475,,MBB241014,2024-10-14,17.6,,33.1,100.0,14.56,12.88,13.72,5.75,4.91,5.33,,,,,,,,,,,25.0,32517.68,2132.307,0.0,0.0,9062.305,0.0,1066.1534,1599.2302,0.0,0.0,12260.765,14926.148,73564.586,,
MBB,35.32999,-120.844475,,MBB241021,2024-10-21,17.2,,33.2,100.0,1.72,1.88,1.8,1.4,1.47,1.435,,,,,,,,,,,25.0,533.0767,0.0,0.0,0.0,2132.307,0.0,0.0,0.0,0.0,533.0767,4264.614,533.0767,7996.151,,
MBB,35.32999,-120.844475,,MBB241028,2024-10-28,14.0,,33.0,100.0,2.715,2.56,2.6375,2.9,2.62,2.76,,,,,,,,,,,25.0,3198.4604,0.0,1066.1534,533.0767,5330.767,0.0,0.0,0.0,0.0,0.0,3731.537,4264.614,18124.61,,
MBB,35.32999,-120.844475,,MBB241104,2024-11-04,14.5,,33.2,100.0,1.987,1.777,1.882,1.513,2.14,1.8265,,,,,,,,,,,25.0,0.0,0.0,0.0,0.0,2132.307,0.0,0.0,0.0,0.0,0.0,6929.9976,1599.2302,11194.611,,
MBB,35.32999,-120.844475,,MBB241111,2024-11-12,,,,100.0,2.0,1.89,1.95,3.1,2.82,2.96,,,,,,,,,,,25.0,0.0,0.0,0.0,0.0,0.0,0.0,3198.4604,0.0,0.0,0.0,10128.458,533.0767,13859.995,,
MBB,35.32999,-120.844475,,MBB241118,2024-11-18,12.3,,33.1,100.0,1.95,2.34,2.14,2.06,1.84,1.95,,,,,,,,,,,25.0,533.0767,533.0767,0.0,0.0,1599.2302,0.0,0.0,0.0,0.0,533.0767,11727.6875,1599.2302,16525.379,,
MBB,35.32999,-120.844475,,MBB241125,2024-11-26,13.8,,31.9,100.0,2.73,2.97,2.85,2.52,2.26,2.39,,,,,,,,,,,25.0,0.0,0.0,0.0,0.0,0.0,0.0,1066.1534,0.0,0.0,0.0,6396.921,2132.307,9595.381,,
MBB,35.32999,-120.844475,,MBB241203,2024-12-03,12.9,,32.8,100.0,1.25,1.43,1.34,1.25,1.43,1.34,,,,,,,,,,,25.0,0.0,0.0,0.0,0.0,533.0767,0.0,0.0,0.0,0.0,1066.1534,4797.6904,2665.3835,9595.381,,
MBB,35.32999,-120.844475,,MBB241209,2024-12-10,14.4,,32.3,100.0,3.46,3.5,3.48,2.03,1.86,1.95,,,,,,,,,,,25.0,0.0,0.0,0.0,0.0,1066.1534,0.0,0.0,0.0,0.0,0.0,5330.767,1066.1534,7463.074,,
MBB,35.32999,-120.844475,,MBB241216,2024-12-16,12.1,,34.1,100.0,0.67,0.78,0.73,1.3,1.41,1.36,,,,,,,,,,,25.0,0.0,0.0,0.0,0.0,0.0,0.0,0.0,0.0,0.0,0.0,8529.228,0.0,8529.228,,
MBB,35.32999,-120.844475,,MBB241223,2024-12-24,15.3,,33.5,100.0,3.54,3.77,3.65,1.85,2.03,1.94,,,,,,,,,,,25.0,0.0,0.0,0.0,0.0,0.0,0.0,0.0,0.0,0.0,0.0,6396.921,3198.4604,9595.381,,
MBB,35.32999,-120.844475,,MBB241230,2024-12-30,12.3,,33.5,100.0,3.3,2.34,2.82,6.84,4.79,5.81,,,,,,,,,,,25.0,0.0,0.0,0.0,0.0,0.0,0.0,0.0,0.0,0.0,0.0,13859.995,0.0,13859.995,,
MBB,35.32999,-120.844475,,MBB250106,2025-01-06,14.6,,33.9,100.0,2.8552697,2.4773662,2.666318,2.2700412,2.0737977,2.1719196,,,,,,,,,,,25.0,,,,,,,,,,,,,,,
MBB,35.32999,-120.844475,,MBB250114,2025-01-14,10.4,,34.3,100.0,1.0497315,1.1197135,1.0847225,1.3028703,1.4149348,1.3589025,,,,,,,,,,,25.0,0.0,0.0,0.0,0.0,0.0,0.0,0.0,0.0,0.0,0.0,10128.458,0.0,10128.458,,
MBB,35.32999,-120.844475,,MBB250121,2025-01-22,14.1,,34.1,100.0,,,,,,,,,,,,,,,,,25.0,0.0,0.0,0.0,0.0,0.0,0.0,1599.2302,0.0,0.0,0.0,10661.534,3731.537,15992.302,,
MBB,35.32999,-120.844475,,MBB250130,2025-01-30,11.1,,33.5,100.0,1.92,2.23,2.07,1.22,1.58,1.4,,,,,,,,,,,25.0,0.0,0.0,0.0,0.0,0.0,0.0,8529.228,0.0,0.0,0.0,4797.6904,0.0,13326.918,,
MBB,35.32999,-120.844475,,MBB250205,2025-02-05,17.7,,32.4,100.0,3.86,2.86,3.36,2.1,3.46,2.78,,,,,,,,,,,25.0,0.0,0.0,0.0,0.0,533.0767,0.0,0.0,0.0,0.0,0.0,1599.2302,0.0,2132.307,,
MBB,35.32999,-120.844475,,MBB250211,2025-02-11,11.3,,35.0,100.0,0.91,0.98,0.94,1.16,1.16,1.16,,,,,,,,,,,25.0,533.0767,0.0,0.0,0.0,533.0767,1066.1534,0.0,0.0,0.0,0.0,14393.071,1066.1534,17591.531,,
MBB,35.32999,-120.844475,,MBB250217,2025-02-17,13.07,,30.18,100.0,4.28,4.65,4.465,7.68,7.93,7.805,,,,,,,,,,,25.0,1066.1534,0.0,0.0,0.0,0.0,0.0,0.0,0.0,0.0,0.0,4797.6904,2665.3835,8529.228,,
MBB,35.32999,-120.844475,,MBB250225,2025-02-25,,,34.2,100.0,1.41,1.48,1.445,1.91,1.96,1.935,,,,,,,,,,,25.0,0.0,0.0,0.0,0.0,0.0,0.0,0.0,0.0,0.0,0.0,4797.6904,1599.2302,6396.921,,
MBB,35.32999,-120.844475,,MBB250304,2025-03-04,16.4,,33.1,100.0,3.49,3.91,3.7,1.65,1.88,1.765,,,,,,,,,,,25.0,0.0,0.0,0.0,0.0,0.0,0.0,0.0,0.0,0.0,0.0,4797.6904,1066.1534,5863.8438,,
MBB,35.32999,-120.844475,,MBB250311,2025-03-11,14.3,,,100.0,1.5955919,1.5116134,1.5536026,1.0370815,1.0370815,1.0370815,,,,,,,,,,,25.0,0.0,0.0,0.0,0.0,0.0,0.0,0.0,0.0,0.0,0.0,9062.305,1066.1534,10128.458,,
MBB,35.32999,-120.844475,,MBB250317,2025-03-17,14.2,,31.9,100.0,8.4,8.64,8.52,2.38,2.61,2.495,,,,,,,,,,,25.0,0.0,0.0,0.0,0.0,0.0,0.0,0.0,0.0,0.0,0.0,20256.916,0.0,20256.916,,
MBB,35.32999,-120.844475,,MBB250325,2025-03-25,14.1,,33.8,100.0,5.15,5.05,5.1,1.0,1.56,1.28,,,,,,,,,,,25.0,0.0,0.0,0.0,0.0,0.0,0.0,0.0,0.0,0.0,0.0,10128.458,0.0,10128.458,,
MBB,35.32999,-120.844475,,MBB250331,2025-03-31,16.8,,33.3,100.0,2.8,2.16,2.48,2.09,2.61,2.35,,,,,,,,,,,25.0,0.0,0.0,0.0,0.0,0.0,0.0,0.0,0.0,0.0,0.0,13859.995,1599.2302,15459.225,,
SW,34.408043,-119.68485,1.0,20240304.0,2024-03-04,12.4,8.7,,188.0,1.252,,1.252,1.137,,1.137,0.869,10.833,0.472,6.343,9.413,5.871,188.0,0.0,,,50.0,0.0,0.0,0.0,0.0,140.0,1740.0,0.0,0.0,0.0,0.0,26200.0,3620.0,31700.0,1.0,
SW,34.408043,-119.68485,1.0,20240311.0,2024-03-11,12.8,9.7,,188.0,3.751,,3.751,2.274,,2.274,0.452,4.909,0.0,2.166,878.4,2.166,188.0,0.048,,,50.0,0.0,0.0,0.0,0.0,0.0,28080.0,35320.0,0.0,0.0,0.0,281400.0,7530.0,352330.0,1.0,
SW,34.408043,-119.68485,1.0,20240318.0,2024-03-18,12.9,10.8,,188.0,3.778,,3.778,3.368,,3.368,0.449,2.05,0.0,1.668,21.42,1.668,188.0,0.0,,,50.0,0.0,0.0,0.0,0.0,0.0,67450.0,7240.0,0.0,0.0,0.0,271260.0,14190.0,360140.0,1.0,
SW,34.408043,-119.68485,1.0,20240325.0,2024-03-25,9.6,13.3,,188.0,0.379,,0.379,1.449,,1.449,2.057,28.23,0.111,23.508,148.02,23.397,188.0,0.0,,,50.0,0.0,0.0,0.0,0.0,0.0,430.0,870.0,0.0,0.0,0.0,7670.0,3620.0,12590.0,1.0,
SW,34.408043,-119.68485,1.0,20240402.0,2024-04-02,11.9,15.0,,188.0,6.698,,6.698,2.401,,2.401,1.137,18.735,0.0,7.664,8.28,7.664,188.0,0.0,,,50.0,0.0,0.0,0.0,0.0,0.0,8110.0,0.0,870.0,0.0,0.0,490420.0,5210.0,504610.0,1.0,
SW,34.408043,-119.68485,1.0,20240408.0,2024-04-08,12.1,16.5,,188.0,4.774,,4.774,1.441,,1.441,0.617,12.15,0.0,8.968,279.32,8.968,188.0,0.11,,,50.0,0.0,0.0,0.0,0.0,1450.0,2320.0,6370.0,0.0,0.0,0.0,127090.0,29240.0,166470.0,1.0,
SW,34.408043,-119.68485,1.0,20240415.0,2024-04-15,12.9,12.7,,188.0,1.913,,1.913,1.945,,1.945,0.88,12.282,0.0,2.483,113.82,2.483,188.0,0.0,,,50.0,290.0,0.0,290.0,0.0,1450.0,580.0,0.0,290.0,0.0,0.0,16790.0,48640.0,68330.0,1.0,
SW,34.408043,-119.68485,1.0,20240422.0,2024-04-22,13.6,13.4,,188.0,1.98,,1.98,1.419,,1.419,0.511,11.875,0.0,1.252,31.5,1.252,188.0,0.0,,,50.0,0.0,0.0,720.0,0.0,430.0,7960.0,720.0,870.0,0.0,0.0,20410.0,14760.0,45870.0,1.0,
SW,34.408043,-119.68485,1.0,20240429.0,2024-04-29,13.5,13.3,,188.0,1.048,,1.048,1.491,,1.491,1.833,24.108,0.383,17.396,77.67,17.013,188.0,0.0,,,50.0,0.0,0.0,0.0,0.0,290.0,39370.0,4920.0,0.0,0.0,0.0,92350.0,20550.0,157480.0,1.0,
SW,34.408043,-119.68485,1.0,20240506.0,2024-05-06,10.4,13.6,,188.0,2.667,,2.667,2.151,,2.151,2.152,22.585,0.395,18.241,52.55,17.846,188.0,0.0,,,50.0,0.0,0.0,0.0,0.0,0.0,29530.0,6080.0,0.0,0.0,0.0,46030.0,52110.0,133750.0,1.0,
SW,34.408043,-119.68485,1.0,20240512.0,2024-05-12,12.8,12.9,,188.0,2.992,,2.992,3.115,,3.115,1.409,15.016,0.23,4.404,30.38,4.174,188.0,0.0,,,50.0,0.0,0.0,870.0,0.0,1160.0,47480.0,7240.0,0.0,0.0,0.0,74980.0,42270.0,174000.0,1.0,
SW,34.408043,-119.68485,1.0,20240520.0,2024-05-20,10.9,12.8,,188.0,2.824,,2.824,9.972,,9.972,2.827,22.677,0.287,15.461,17.699,15.174,188.0,0.0,,,50.0,0.0,0.0,580.0,0.0,290.0,71510.0,67160.0,290.0,0.0,0.0,33580.0,1450.0,174860.0,1.0,
SW,34.408043,-119.68485,1.0,20240528.0,2024-05-28,15.8,13.0,,188.0,2.659,,2.659,3.114,,3.114,0.596,4.767,0.0,0.489,20.635,0.489,188.0,0.0,,,50.0,0.0,580.0,1450.0,0.0,4340.0,57610.0,6950.0,290.0,0.0,0.0,43720.0,8110.0,123050.0,1.0,
SW,34.408043,-119.68485,1.0,20240603.0,2024-06-03,13.5,14.5,,188.0,6.844,,6.844,2.918,,2.918,0.93,4.207,0.0,1.0,8.653,1.0,188.0,0.0,,,50.0,0.0,580.0,3910.0,0.0,140.0,1450.0,0.0,1590.0,0.0,0.0,21420.0,8400.0,37490.0,1.0,
SW,34.408043,-119.68485,1.0,20240610.0,2024-06-10,13.7,14.5,,188.0,2.659,,2.659,3.948,,3.948,1.479,8.74,0.247,1.292,56.517,1.045,188.0,0.0,,,50.0,1450.0,0.0,430.0,0.0,290.0,7380.0,0.0,0.0,0.0,0.0,22440.0,2750.0,34740.0,1.0,
SW,34.408043,-119.68485,1.0,20240618.0,2024-06-18,17.4,16.7,,188.0,1.628,,1.628,1.079,,1.079,0.763,8.02,0.215,0.924,75.132,0.709,188.0,0.0,,,50.0,4340.0,0.0,0.0,290.0,4200.0,1450.0,0.0,140.0,0.0,0.0,5930.0,5210.0,21560.0,1.0,
SW,34.408043,-119.68485,1.0,20240625.0,2024-06-25,16.5,19.0,,188.0,2.626,,2.626,1.941,,1.941,0.806,6.717,0.15,0.383,160.952,0.233,188.0,0.0,,,50.0,580.0,290.0,0.0,0.0,580.0,123040.0,0.0,0.0,0.0,0.0,181230.0,870.0,306590.0,1.0,
SW,34.408043,-119.68485,1.0,20240701.0,2024-07-01,14.9,17.2,,188.0,1.192,,1.192,0.644,,0.644,0.168,2.134,0.0,0.0,564.779,0.0,188.0,0.0,,,50.0,0.0,0.0,0.0,0.0,3760.0,0.0,2900.0,0.0,0.0,0.0,94670.0,3180.0,104510.0,1.0,
SW,34.408043,-119.68485,1.0,20240708.0,2024-07-08,16.0,14.3,,188.0,1.949,,1.949,1.43,,1.43,0.723,9.432,0.108,0.227,8.887,0.119,188.0,0.0,,,50.0,1450.0,0.0,580.0,0.0,30690.0,0.0,0.0,1590.0,0.0,0.0,3180.0,10420.0,47910.0,1.0,
SW,34.408043,-119.68485,1.0,20240715.0,2024-07-15,15.3,16.4,,188.0,11.289,,11.289,1.293,,1.293,0.381,9.542,0.0,0.0,119.196,0.0,188.0,0.0,,,50.0,46320.0,0.0,430.0,140.0,3760.0,0.0,0.0,720.0,0.0,0.0,6660.0,6370.0,64400.0,1.0,
SW,34.408043,-119.68485,1.0,20240723.0,2024-07-23,14.3,16.2,,188.0,3.58,,3.58,2.154,,2.154,0.901,11.119,0.161,0.373,17.095,0.212,188.0,0.0,,,50.0,21420.0,0.0,0.0,0.0,1740.0,35610.0,0.0,0.0,0.0,0.0,70060.0,580.0,129410.0,1.0,
SW,34.408043,-119.68485,1.0,20240729.0,2024-07-29,15.2,15.4,,188.0,2.233,,2.233,0.663,,0.663,0.299,3.109,0.0,0.0,2.49,0.0,188.0,0.039,,,50.0,3470.0,0.0,0.0,0.0,2610.0,335250.0,2610.0,0.0,0.0,0.0,350300.0,6080.0,700320.0,1.0,
SW,34.408043,-119.68485,1.0,20240805.0,2024-08-05,15.5,14.6,,188.0,1.482,,1.482,0.654,,0.654,0.282,1.005,0.0,0.0,39.545,0.0,188.0,0.0,,,50.0,2030.0,0.0,0.0,0.0,8690.0,12740.0,2030.0,290.0,0.0,0.0,179200.0,29820.0,234800.0,1.0,
SW,34.408043,-119.68485,1.0,20240812.0,2024-08-12,15.8,18.1,,188.0,26.001,,26.001,5.06,,5.06,0.648,3.437,0.0,0.0,6.761,0.0,188.0,0.0,,,50.0,195130.0,0.0,3760.0,0.0,12450.0,0.0,0.0,6660.0,0.0,0.0,4920.0,6370.0,229290.0,1.0,
SW,34.408043,-119.68485,1.0,20240819.0,2024-08-19,18.5,19.8,,188.0,3.813,,3.813,1.079,,1.079,0.228,3.738,0.0,0.0,56.503,0.0,188.0,0.0,,,50.0,4340.0,0.0,290.0,0.0,85690.0,2030.0,870.0,870.0,0.0,0.0,48350.0,6080.0,148520.0,1.0,
SW,34.408043,-119.68485,1.0,20240826.0,2024-08-26,18.6,19.7,,188.0,1.407,,1.407,0.866,,0.866,0.751,5.833,0.137,0.405,5.169,0.268,188.0,0.0,,,50.0,4200.0,0.0,430.0,0.0,5070.0,1590.0,720.0,1880.0,1160.0,0.0,5500.0,8540.0,29090.0,1.0,
SW,34.408043,-119.68485,1.0,20240903.0,2024-09-03,18.3,19.3,,188.0,1.205,,1.205,0.779,,0.779,0.331,2.654,0.0,0.162,2.726,0.162,188.0,0.035,,,50.0,0.0,0.0,870.0,580.0,870.0,4920.0,4630.0,1160.0,0.0,0.0,39950.0,9260.0,62240.0,1.0,
SW,34.408043,-119.68485,1.0,20240909.0,2024-09-09,18.9,19.9,,188.0,2.302,,2.302,0.824,,0.824,0.176,3.155,0.0,0.0,9.079,0.0,188.0,0.0,,,50.0,0.0,0.0,0.0,2900.0,23880.0,580.0,0.0,11150.0,0.0,0.0,5930.0,6950.0,51390.0,1.0,
SW,34.408043,-119.68485,1.0,20240916.0,2024-09-16,16.2,16.4,,188.0,1.208,,1.208,0.706,,0.706,0.224,2.706,0.0,0.214,2.682,0.214,188.0,0.497,,,50.0,0.0,0.0,0.0,870.0,6950.0,1880.0,14190.0,13460.0,0.0,0.0,8110.0,9550.0,55010.0,1.0,
SW,34.408043,-119.68485,1.0,20240923.0,2024-09-23,15.8,15.4,,188.0,2.589,,2.589,1.18,,1.18,0.331,3.316,0.0,0.192,2.635,0.192,188.0,0.602,,,50.0,0.0,0.0,0.0,1880.0,3910.0,0.0,18530.0,19690.0,0.0,0.0,8970.0,3040.0,56020.0,1.0,
SW,34.408043,-119.68485,1.0,20240930.0,2024-09-30,15.4,15.6,,188.0,5.513,,5.513,2.006,,2.006,0.172,4.201,0.0,0.143,1.621,0.143,188.0,0.021,,,50.0,4050.0,0.0,8110.0,24900.0,4340.0,2320.0,2320.0,42850.0,1160.0,0.0,14190.0,10710.0,114950.0,1.0,
SW,34.408043,-119.68485,1.0,20241007.0,2024-10-07,17.3,15.0,,188.0,11.049,,11.049,1.683,,1.683,0.196,2.93,0.0,0.299,12.061,0.299,188.0,0.0,,,50.0,1740.0,0.0,24030.0,17660.0,10710.0,1740.0,0.0,26920.0,41980.0,0.0,10420.0,11580.0,146780.0,1.0,
SW,34.408043,-119.68485,1.0,20241014.0,2024-10-14,17.3,16.4,,188.0,1.323,,1.323,1.0,,1.0,0.309,2.999,0.0,0.202,3.473,0.202,188.0,0.029,,,50.0,0.0,0.0,0.0,1010.0,290.0,4490.0,6510.0,870.0,0.0,0.0,22150.0,3760.0,39080.0,1.0,
SW,34.408043,-119.68485,1.0,20241021.0,2024-10-21,16.5,17.1,,188.0,1.882,,1.882,0.871,,0.871,0.275,4.83,0.102,0.407,12.842,0.305,188.0,0.0,,,50.0,140.0,0.0,290.0,3760.0,1740.0,580.0,0.0,430.0,870.0,0.0,12740.0,8250.0,28800.0,1.0,
SW,34.408043,-119.68485,1.0,20241028.0,2024-10-28,16.9,18.9,,188.0,1.918,,1.918,0.615,,0.615,0.275,3.447,0.0,0.229,47.89,0.229,188.0,0.0,,,50.0,0.0,0.0,870.0,12450.0,1160.0,1740.0,2030.0,1740.0,0.0,0.0,40530.0,9840.0,70360.0,1.0,
SW,34.408043,-119.68485,1.0,20241104.0,2024-11-04,14.1,18.1,,188.0,10.184,,10.184,1.493,,1.493,0.682,9.398,0.154,0.402,16.059,0.248,188.0,0.0,,,50.0,580.0,0.0,580.0,43140.0,8690.0,0.0,0.0,2030.0,3470.0,0.0,8970.0,16500.0,83960.0,1.0,
SW,34.408043,-119.68485,1.0,20241111.0,2024-11-11,14.2,16.4,,188.0,2.749,,2.749,1.217,,1.217,0.227,2.759,0.0,0.202,0.989,0.202,188.0,0.0,,,50.0,290.0,0.0,580.0,1740.0,7820.0,3760.0,1160.0,1160.0,0.0,0.0,56450.0,17660.0,90620.0,1.0,
SW,34.408043,-119.68485,1.0,20241118.0,2024-11-18,11.8,15.3,,188.0,0.814,,0.814,1.411,,1.411,1.231,13.939,0.347,12.48,23.437,12.133,188.0,0.0,,,50.0,0.0,0.0,290.0,2170.0,2460.0,0.0,1590.0,140.0,2320.0,0.0,7960.0,5650.0,22580.0,1.0,
SW,34.408043,-119.68485,1.0,20241125.0,2024-11-25,13.1,12.6,,188.0,4.515,,4.515,1.311,,1.311,0.552,5.606,0.2,3.615,3.35,3.415,188.0,0.0,,,50.0,0.0,0.0,870.0,4200.0,8690.0,720.0,580.0,2900.0,23590.0,0.0,2170.0,11150.0,54870.0,1.0,
SW,34.408043,-119.68485,1.0,20241202.0,2024-12-02,12.8,13.1,,188.0,7.492,,7.492,1.395,,1.395,0.34,7.37,0.113,0.768,7.762,0.655,188.0,0.0,,,50.0,7240.0,0.0,2030.0,6370.0,10130.0,0.0,0.0,4340.0,25770.0,0.0,4340.0,19400.0,79620.0,1.0,
SW,34.408043,-119.68485,1.0,20241209.0,2024-12-09,12.3,11.2,,188.0,58.901,,58.901,19.965,,19.965,0.177,7.964,0.0,0.0,8.858,0.0,188.0,0.0,,,50.0,176600.0,0.0,8690.0,111460.0,17370.0,0.0,0.0,8690.0,942330.0,0.0,0.0,169360.0,1434500.0,1.0,
SW,34.408043,-119.68485,1.0,20241217.0,2024-12-17,12.5,13.5,,188.0,7.974,,7.974,1.299,,1.299,0.473,7.151,0.336,3.651,158.292,3.315,188.0,0.0,,,50.0,1160.0,0.0,580.0,1160.0,4630.0,5790.0,8400.0,290.0,9550.0,0.0,35610.0,10710.0,77880.0,1.0,
SW,34.408043,-119.68485,1.0,20241230.0,2024-12-30,13.8,10.8,,188.0,25.196,,25.196,2.42,,2.42,0.585,10.012,0.118,0.259,14.609,0.141,188.0,0.0,,,50.0,45740.0,0.0,1160.0,3180.0,28080.0,0.0,0.0,2610.0,11870.0,0.0,2900.0,18820.0,114360.0,1.0,
SW,34.408043,-119.68485,1.0,20250106.0,2025-01-06,12.8,13.6,,188.0,1.709,,1.709,1.37,,1.37,0.53,8.151,0.234,1.87,84.795,1.636,188.0,0.0,,,50.0,1450.0,0.0,290.0,140.0,8690.0,0.0,290.0,870.0,0.0,0.0,5500.0,5500.0,22730.0,1.0,
SW,34.408043,-119.68485,1.0,20250113.0,2025-01-13,12.5,10.3,,188.0,3.107,,3.107,0.949,,0.949,0.381,7.188,0.209,2.486,33.196,2.277,188.0,0.0,,,50.0,5500.0,0.0,290.0,870.0,23160.0,3760.0,2320.0,870.0,580.0,0.0,23160.0,9550.0,70060.0,1.0,
SW,34.408043,-119.68485,1.0,20250120.0,2025-01-20,13.2,11.6,,188.0,1.104,,1.104,0.767,,0.767,0.557,7.319,0.224,1.83,4.168,1.606,188.0,0.0,,,50.0,6950.0,580.0,140.0,0.0,7960.0,0.0,290.0,140.0,1160.0,0.0,5360.0,6800.0,29380.0,1.0,
SW,34.408043,-119.68485,1.0,20250127.0,2025-01-27,12.1,9.5,,188.0,4.833,,4.833,1.374,,1.374,0.85,10.957,0.264,3.063,12.445,2.799,188.0,0.0,,,50.0,7670.0,0.0,0.0,0.0,15200.0,0.0,580.0,0.0,1300.0,0.0,9550.0,4780.0,39080.0,1.0,
SW,34.408043,-119.68485,1.0,20250203.0,2025-02-03,13.1,9.5,,188.0,1.074,,1.074,0.66,,0.66,0.659,4.625,0.17,1.504,14.281,1.334,188.0,0.13,,,50.0,580.0,0.0,720.0,140.0,4340.0,0.0,4200.0,290.0,0.0,0.0,15200.0,2460.0,27930.0,1.0,
SW,34.408043,-119.68485,1.0,20250210.0,2025-02-10,13.6,13.6,,188.0,1.421,,1.421,0.643,,0.643,0.338,3.362,0.0,0.122,9.255,0.122,188.0,0.0,,,50.0,530.0,0.0,980.0,90.0,9050.0,0.0,1770.0,1600.0,180.0,0.0,710.0,4530.0,19440.0,1.0,
SW,34.408043,-119.68485,1.0,20250218.0,2025-02-18,13.5,14.5,,188.0,1.506,,1.506,0.929,,0.929,0.751,8.909,0.297,5.579,2.74,5.282,188.0,0.0,,,50.0,800.0,1330.0,90.0,0.0,2570.0,0.0,2750.0,270.0,0.0,0.0,11180.0,2480.0,21470.0,1.0,
SW,34.408043,-119.68485,1.0,20250224.0,2025-02-24,13.8,15.9,,188.0,1.013,,1.013,0.514,,0.514,0.809,7.768,0.116,1.344,6.144,1.228,188.0,0.0,,,50.0,3900.0,0.0,90.0,0.0,710.0,0.0,890.0,350.0,180.0,0.0,980.0,2130.0,9230.0,1.0,
SW,34.408043,-119.68485,1.0,20250303.0,2025-03-03,11.6,12.9,,188.0,0.324,,0.324,1.944,,1.944,1.72,19.199,0.415,17.104,5.896,16.689,188.0,0.0,,,50.0,0.0,0.0,0.0,0.0,0.0,0.0,0.0,0.0,0.0,0.0,2570.0,0.0,2570.0,1.0,
SW,34.408043,-119.68485,1.0,20250310.0,2025-03-10,11.3,10.3,,188.0,2.185,,2.185,0.444,,0.444,,,,,,,188.0,1.698,,,50.0,350.0,0.0,0.0,0.0,180.0,0.0,68510.0,0.0,0.0,0.0,24310.0,350.0,93700.0,1.0,
SW,34.408043,-119.68485,1.0,20250317.0,2025-03-17,12.6,11.9,,188.0,,,,,,,,,,,,,188.0,1.504,,,50.0,290.0,0.0,0.0,0.0,290.0,580.0,66880.0,0.0,0.0,0.0,28950.0,0.0,96990.0,1.0,
SW,34.408043,-119.68485,1.0,20250324.0,2025-03-24,14.5,12.3,,188.0,,,,,,,,,,,,,188.0,0.261,,,50.0,0.0,0.0,430.0,0.0,6660.0,290.0,8400.0,0.0,0.0,0.0,24610.0,5930.0,46320.0,1.0,
SW,34.408043,-119.68485,1.0,20250331.0,2025-03-31,14.9,15.1,,188.0,,,,,,,,,,,,,188.0,0.0,,,50.0,8690.0,580.0,1740.0,0.0,22870.0,0.0,1740.0,6660.0,0.0,0.0,17080.0,10710.0,70070.0,1.0,
SW,34.408043,-119.68485,1.0,20250407.0,2025-04-07,11.9,14.5,,188.0,,,,,,,,,,,,,188.0,,,,50.0,0.0,640.0,0.0,0.0,230.0,0.0,2610.0,60.0,0.0,0.0,7870.0,3360.0,14770.0,1.0,
SW,34.408043,-119.68485,1.0,20250414.0,2025-04-14,13.9,11.5,,188.0,,,,,,,,,,,,,188.0,,,,50.0,33870.0,6660.0,0.0,0.0,1160.0,0.0,70930.0,1450.0,3470.0,0.0,42560.0,4050.0,164150.0,1.0,
SW,34.408043,-119.68485,1.0,20250421.0,2025-04-21,13.4,13.1,,188.0,,,,,,,,,,,,,188.0,,,,50.0,2610.0,2320.0,2610.0,0.0,22870.0,0.0,66010.0,7530.0,31560.0,0.0,4920.0,13610.0,154040.0,1.0,
SW,34.408043,-119.68485,1.0,20250428.0,2025-04-28,13.5,13.9,,188.0,,,,,,,,,,,,,188.0,,,,50.0,3470.0,0.0,2320.0,0.0,4050.0,113490.0,0.0,4920.0,34160.0,0.0,54140.0,11870.0,228420.0,1.0,
SW,34.408043,-119.68485,1.0,20250505.0,2025-05-05,15.6,16.8,,188.0,,,,,,,,,,,,,188.0,,,,50.0,0.0,0.0,290.0,0.0,870.0,44870.0,0.0,290.0,0.0,0.0,23160.0,1450.0,70930.0,1.0,
SW,34.408043,-119.68485,1.0,20250512.0,2025-05-12,16.9,17.3,,188.0,,,,,,,,,,,,,188.0,,,,50.0,0.0,0.0,580.0,0.0,4050.0,1010.0,2030.0,430.0,720.0,0.0,18530.0,1880.0,29230.0,1.0,
SW,34.408043,-119.68485,1.0,20250519.0,2025-05-19,16.8,18.1,,188.0,,,,,,,,,,,,,188.0,,,,50.0,11290.0,0.0,140.0,0.0,3760.0,0.0,0.0,140.0,0.0,0.0,430.0,10570.0,26330.0,1.0,
NP,33.6061,-117.9311,,NP030424,2024-03-04,15.0,,,100.0,3.48,3.71,3.6,,,,1.18,15.33,0.18,6.21,0.99,6.03,200.0,0.0,,,25.0,0.0,0.0,0.0,20790.0,2599.0,0.0,2599.0,2599.0,0.0,0.0,2599.0,7796.0,38982.0,,
NP,33.6061,-117.9311,,NP031924,2024-03-19,15.0,,,100.0,2.55,2.55,2.55,,,,,,,,,,200.0,0.0,,,25.0,0.0,0.0,2599.0,7796.0,5198.0,5198.0,0.0,5198.0,0.0,0.0,233889.0,5198.0,265075.0,,
NP,33.6061,-117.9311,,NP032624,2024-03-26,13.0,,,100.0,2.76,2.79,2.78,,,,,,,,,,200.0,0.0,,,25.0,0.0,0.0,2599.0,2599.0,7796.0,0.0,0.0,18191.0,0.0,0.0,57173.0,7796.0,98753.0,,
NP,33.6061,-117.9311,,NP040124,2024-04-01,14.0,,,100.0,4.88,4.9,4.89,,,,,,,,,,200.0,0.0,,,25.0,0.0,0.0,0.0,12994.0,10395.0,12994.0,23389.0,0.0,0.0,0.0,101352.0,18191.0,179315.0,,
NP,33.6061,-117.9311,,NP040824,2024-04-08,14.0,,,100.0,5.75,5.65,5.7,,,,,,,,,,200.0,0.0,,,25.0,0.0,0.0,7796.0,10395.0,54574.0,0.0,7796.0,2599.0,0.0,2599.0,33784.0,20790.0,140334.0,,
NP,33.6061,-117.9311,,NP041524,2024-04-15,14.5,,,100.0,3.65,3.48,3.56,,,,,,,,,,200.0,0.0,,,25.0,0.0,0.0,2599.0,2599.0,7796.0,5198.0,2599.0,0.0,0.0,0.0,111747.0,10395.0,142932.0,,
NP,33.6061,-117.9311,,NP042224,2024-04-22,16.0,,,100.0,6.69,6.93,6.81,,,,,,,,,,200.0,0.0,,,25.0,0.0,0.0,12994.0,20790.0,83161.0,2599.0,0.0,7796.0,5198.0,0.0,10395.0,38982.0,181914.0,,
NP,33.6061,-117.9311,,NP042924,2024-04-29,16.0,,,100.0,10.54,10.48,10.51,,,,,,,,,,200.0,0.0,,,25.0,20790.0,0.0,2599.0,5198.0,67568.0,25988.0,23389.0,10395.0,20790.0,28586.0,41580.0,122142.0,376822.0,,
NP,33.6061,-117.9311,,NP050624,2024-05-06,14.0,,,100.0,4.65,4.68,4.66,,,,,,,,,,200.0,0.0,,,25.0,7796.0,0.0,0.0,2599.0,41580.0,7796.0,5198.0,2599.0,5198.0,5198.0,12994.0,54574.0,148130.0,,
NP,33.6061,-117.9311,,NP052024,2024-05-20,15.5,,,100.0,10.69,11.0,10.85,,,,,,,,,,200.0,0.0,,,25.0,7796.0,12994.0,2599.0,0.0,5198.0,0.0,0.0,18191.0,64969.0,15593.0,51975.0,64969.0,254680.0,,
NP,33.6061,-117.9311,,NP052824,2024-05-28,16.0,,,100.0,29.74,32.49,31.12,,,,,,,,,,200.0,0.0,,,25.0,132537.0,15593.0,2599.0,0.0,18191.0,18191.0,0.0,5198.0,122142.0,18191.0,5198.0,70167.0,408007.0,,
NP,33.6061,-117.9311,,NP060324,2024-06-03,17.0,,,100.0,33.18,32.51,32.85,,,,,,,,,,200.0,0.0,,,25.0,194908.0,0.0,7796.0,5198.0,33784.0,0.0,0.0,18191.0,23389.0,0.0,2599.0,46778.0,332643.0,,
NP,33.6061,-117.9311,,NP061024,2024-06-10,17.3,,,100.0,2.27,1.79,2.03,,,,,,,,,,200.0,0.0,,,25.0,0.0,0.0,0.0,0.0,7796.0,0.0,0.0,0.0,0.0,0.0,5198.0,12994.0,25988.0,,
NP,33.6061,-117.9311,,NP061724,2024-06-17,18.6,,,100.0,3.15,3.13,3.14,,,,,,,,,,200.0,0.0,,,25.0,0.0,0.0,0.0,15593.0,2599.0,0.0,0.0,2599.0,0.0,0.0,20790.0,0.0,41580.0,,
NP,33.6061,-117.9311,,NP062624,2024-06-26,19.0,,,100.0,3.55,3.46,3.51,,,,,,,,,,200.0,0.0,,,25.0,7796.0,0.0,0.0,2599.0,7796.0,10395.0,0.0,0.0,0.0,0.0,2599.0,15593.0,46778.0,,
NP,33.6061,-117.9311,,NP070824,2024-07-08,21.5,,,100.0,1.38,1.33,1.35,,,,,,,,,,200.0,0.0,,,25.0,0.0,0.0,0.0,0.0,7796.0,0.0,0.0,0.0,0.0,0.0,18191.0,0.0,25988.0,,
NP,33.6061,-117.9311,,NP071524,2024-07-15,18.5,,,100.0,3.41,3.35,3.38,,,,,,,,,,200.0,0.0,,,25.0,2599.0,2599.0,0.0,12994.0,7796.0,0.0,0.0,2599.0,0.0,0.0,15593.0,15593.0,64969.0,,
NP,33.6061,-117.9311,,NP072324,2024-07-23,19.5,,,100.0,5.11,5.38,5.25,,,,,,,,,,200.0,0.0,,,25.0,18191.0,0.0,0.0,46778.0,10395.0,10395.0,7796.0,2599.0,0.0,0.0,18191.0,80562.0,197507.0,,
NP,33.6061,-117.9311,,NP073024,2024-07-30,17.5,,,100.0,4.15,4.17,4.16,,,,,,,,,,200.0,0.0,,,25.0,5198.0,0.0,0.0,41580.0,0.0,25988.0,0.0,2599.0,0.0,0.0,36383.0,62371.0,179315.0,,
NP,33.6061,-117.9311,,NP080524,2024-08-05,17.0,,,100.0,3.95,3.85,3.9,,,,,,,,,,200.0,0.0,,,25.0,0.0,0.0,0.0,15593.0,5198.0,0.0,0.0,5198.0,2599.0,0.0,59772.0,33784.0,124741.0,,
NP,33.6061,-117.9311,,NP081224,2024-08-12,22.0,,,100.0,3.13,2.96,3.04,,,,,,,,,,200.0,0.0,,,25.0,0.0,0.0,0.0,0.0,7796.0,28586.0,7796.0,0.0,0.0,0.0,111747.0,31185.0,194908.0,,
NP,33.6061,-117.9311,,NP082024,2024-08-20,22.2,,,100.0,1.18,1.12,1.15,,,,,,,,,,200.0,0.0,,,25.0,0.0,0.0,0.0,2599.0,0.0,0.0,0.0,0.0,0.0,0.0,23389.0,31185.0,57173.0,,
NP,33.6061,-117.9311,,NP082724,2024-08-27,22.0,,,100.0,2.42,2.47,2.45,,,,,,,,,,200.0,0.0,,,25.0,0.0,0.0,0.0,0.0,0.0,0.0,0.0,5198.0,0.0,0.0,25988.0,57173.0,88358.0,,
NP,33.6061,-117.9311,,NP090324,2024-09-03,21.5,,,100.0,2.09,2.13,2.11,,,,,,,,,,200.0,0.0,,,25.0,0.0,0.0,0.0,0.0,0.0,0.0,0.0,0.0,0.0,0.0,57173.0,20790.0,80562.0,,
NP,33.6061,-117.9311,,NP090924,2024-09-09,20.0,,,100.0,0.53,0.53,0.53,,,,,,,,,,200.0,0.0,,,25.0,0.0,0.0,0.0,2599.0,0.0,0.0,0.0,0.0,0.0,0.0,28586.0,12994.0,44179.0,,
NP,33.6061,-117.9311,,NP091624,2024-09-16,19.6,,,100.0,2.08,2.08,2.08,,,,,,,,,,200.0,0.0,,,25.0,0.0,0.0,0.0,7796.0,0.0,0.0,0.0,2599.0,0.0,0.0,10395.0,18191.0,44179.0,,
NP,33.6061,-117.9311,,NP092424,2024-09-24,17.5,,,100.0,5.31,5.16,5.23,,,,,,,,,,200.0,0.0,,,25.0,0.0,0.0,0.0,5198.0,25988.0,23389.0,0.0,0.0,5198.0,0.0,85759.0,20790.0,236488.0,,
NP,33.6061,-117.9311,,NP101524,2024-10-15,17.5,,,100.0,5.17,5.12,5.14,,,,,,,,,,200.0,0.0,,,25.0,0.0,0.0,2599.0,49377.0,18191.0,10395.0,0.0,2599.0,5198.0,0.0,18191.0,31185.0,140334.0,,
NP,33.6061,-117.9311,,NP102124,2024-10-21,17.8,,,100.0,3.55,3.59,3.57,,,,,,,,,,200.0,0.0,,,25.0,0.0,0.0,0.0,38982.0,2599.0,10395.0,7796.0,2599.0,0.0,0.0,5198.0,10395.0,103951.0,,
NP,33.6061,-117.9311,,NP102824,2024-10-28,17.8,,,100.0,2.99,3.04,3.01,,,,,,,,,,200.0,0.0,,,25.0,0.0,0.0,0.0,28586.0,2599.0,0.0,0.0,2599.0,0.0,0.0,25988.0,10395.0,75364.0,,
NP,33.6061,-117.9311,,NP110524,2024-11-05,16.5,,,100.0,1.26,1.19,1.23,,,,,,,,,,200.0,0.0,,,25.0,0.0,0.0,0.0,2599.0,5198.0,10395.0,0.0,0.0,0.0,0.0,5198.0,10395.0,33784.0,,
NP,33.6061,-117.9311,,NP111224,2024-11-12,14.0,,,100.0,9.06,8.45,8.75,,,,,,,,,,200.0,0.0,,,25.0,0.0,0.0,2599.0,15593.0,7796.0,0.0,0.0,0.0,2599.0,0.0,0.0,28586.0,59772.0,,
NP,33.6061,-117.9311,,NP119224,2024-11-19,16.0,,,100.0,2.16,2.19,2.18,,,,,,,,,,200.0,0.0,,,25.0,0.0,0.0,0.0,109148.0,2599.0,0.0,0.0,2599.0,0.0,0.0,2599.0,20790.0,142932.0,,
NP,33.6061,-117.9311,,NP112624,2024-11-26,14.1,,,100.0,6.61,6.73,6.67,,,,,,,,,,200.0,0.0,,,25.0,0.0,0.0,0.0,15593.0,2599.0,0.0,0.0,0.0,0.0,2599.0,41580.0,5198.0,67568.0,,
NP,33.6061,-117.9311,,NP120624,2024-12-09,14.5,,,100.0,4.36,4.27,4.31,,,,,,,,,,200.0,0.0,,,25.0,0.0,0.0,0.0,15593.0,12994.0,0.0,0.0,20790.0,0.0,0.0,2599.0,5198.0,57173.0,,
NP,33.6061,-117.9311,,NP121724,2024-12-17,14.7,,,100.0,6.62,6.53,6.58,,,,,,,,,,200.0,0.0,,,25.0,0.0,2599.0,2599.0,0.0,93556.0,0.0,0.0,0.0,0.0,2599.0,10395.0,7796.0,122142.0,,
NP,33.6061,-117.9311,,NP010625,2025-01-06,13.8,,,100.0,2.34,2.51,2.42,,,,,,,,,,200.0,0.031,,,25.0,0.0,0.0,0.0,2599.0,5198.0,0.0,0.0,5198.0,0.0,0.0,103951.0,12994.0,129939.0,,
NP,33.6061,-117.9311,,NP011525,2025-01-15,14.0,,,100.0,3.17,3.11,3.14,,,,,,,,,,200.0,0.0,,,25.0,0.0,0.0,0.0,0.0,23389.0,41580.0,10395.0,0.0,0.0,0.0,231291.0,5198.0,311853.0,,
NP,33.6061,-117.9311,,NP012125,2025-01-21,14.0,,,100.0,2.77,3.08,2.93,,,,,,,,,,200.0,0.644,,,25.0,2599.0,0.0,0.0,0.0,5198.0,7796.0,10395.0,2599.0,0.0,0.0,205303.0,10395.0,246883.0,,
NP,33.6061,-117.9311,,NP012725,2025-01-27,13.8,,,100.0,2.63,2.59,2.61,,,,,,,,,,200.0,0.027,,,25.0,0.0,0.0,0.0,0.0,2599.0,10395.0,12994.0,5198.0,0.0,0.0,44179.0,7796.0,88358.0,,
NP,33.6061,-117.9311,,NP020425,2025-02-04,14.0,,,100.0,5.18,5.12,5.15,,,,,,,,,,200.0,0.094,,,25.0,0.0,0.0,0.0,0.0,2599.0,51975.0,46778.0,0.0,0.0,0.0,124741.0,10395.0,244285.0,,
NP,33.6061,-117.9311,,NP021025,2025-02-10,14.2,,,100.0,4.35,4.59,4.47,,,,,,,,,,200.0,0.052,,,25.0,0.0,0.0,2599.0,0.0,12994.0,18191.0,25988.0,0.0,0.0,0.0,54574.0,18191.0,132537.0,,
NP,33.6061,-117.9311,,NP021825,2025-02-18,14.5,,,100.0,5.1,5.17,5.15,,,,,,,,,,200.0,0.0,,,25.0,0.0,0.0,0.0,0.0,23389.0,7796.0,0.0,7796.0,5198.0,2599.0,18191.0,44179.0,111747.0,,
NP,33.6061,-117.9311,,NP022525,2025-02-25,15.0,,,100.0,2.28,2.31,2.29,,,,,,,,,,200.0,0.0,,,25.0,0.0,0.0,0.0,0.0,12994.0,0.0,0.0,0.0,0.0,0.0,7796.0,20790.0,41580.0,,
NP,33.6061,-117.9311,,NP030425,2025-03-04,13.2,,,100.0,3.39,3.48,3.44,,,,,,,,,,200.0,0.0,,,25.0,0.0,0.0,0.0,0.0,20790.0,0.0,7796.0,0.0,2599.0,0.0,12994.0,33784.0,80562.0,,
NP,33.6061,-117.9311,,NP031025,2025-03-10,13.0,,,100.0,12.32,12.45,12.39,,,,,,,,,,200.0,1.118,,,25.0,5198.0,7796.0,2599.0,0.0,155926.0,0.0,28586.0,0.0,0.0,0.0,10395.0,46778.0,267673.0,,
NP,33.6061,-117.9311,,NP031725,2025-03-17,14.0,,,100.0,3.44,3.57,3.5,,,,,,,,,,200.0,0.2,,,25.0,15593.0,0.0,2599.0,0.0,59772.0,0.0,38982.0,5198.0,0.0,2599.0,31185.0,10395.0,171519.0,,
NP,33.6061,-117.9311,,NP032425,2025-03-24,14.0,,,100.0,4.69,4.59,4.64,,,,,,,,,,200.0,0.229,,,25.0,18191.0,7796.0,0.0,0.0,18191.0,18191.0,72766.0,2599.0,5198.0,0.0,46778.0,12994.0,205303.0,,
NP,33.6061,-117.9311,,NP040125,2025-04-01,13.5,,,100.0,12.39,13.09,12.74,,,,,,,,,,200.0,1.491,,,25.0,36383.0,5198.0,0.0,0.0,59772.0,5198.0,83161.0,5198.0,15593.0,0.0,135136.0,28586.0,374223.0,,
NP,33.6061,-117.9311,,NP040725,2025-04-07,12.0,,,100.0,18.9,19.1,19.0,,,,,,,,,,200.0,0.439,,,25.0,28586.0,5198.0,0.0,0.0,23389.0,5198.0,10395.0,12994.0,0.0,18191.0,657489.0,75364.0,836804.0,,
NP,33.6061,-117.9311,,NP041425,2025-04-14,15.0,,,100.0,8.58,7.99,8.28,,,,,,,,,,200.0,3.109,,,25.0,57173.0,0.0,0.0,0.0,70167.0,0.0,116945.0,12994.0,0.0,7796.0,20790.0,25988.0,311853.0,,
NP,33.6061,-117.9311,,NP042325,2025-04-23,14.8,,,100.0,11.62,11.77,11.69,,,,,,,,,,200.0,,,,25.0,67568.0,7796.0,0.0,0.0,135136.0,5198.0,12994.0,23389.0,5198.0,10395.0,28586.0,33784.0,330044.0,,
NP,33.6061,-117.9311,,NP042925,2025-04-29,15.9,,,100.0,4.33,3.99,4.16,,,,,,,,,,200.0,,,,25.0,7796.0,0.0,0.0,0.0,38982.0,0.0,7796.0,2599.0,0.0,2599.0,18191.0,18191.0,96155.0,,
NP,33.6061,-117.9311,,NP051225,2025-05-12,17.0,,,100.0,2.7,2.78,2.74,,,,,,,,,,200.0,,,,25.0,18191.0,0.0,0.0,0.0,33784.0,0.0,7796.0,2599.0,0.0,0.0,10395.0,0.0,72766.0,,
NP,33.6061,-117.9311,,NP052125,2025-05-21,19.0,,,100.0,1.38,1.33,1.36,,,,,,,,,,200.0,,,,25.0,7796.0,0.0,0.0,0.0,5198.0,0.0,0.0,0.0,2599.0,0.0,0.0,7796.0,23389.0,,
NP,33.6061,-117.9311,,NP052725,2025-05-27,18.0,,,100.0,0.43,0.41,0.42,,,,,,,,,,200.0,,,,25.0,2599.0,0.0,0.0,0.0,2599.0,0.0,0.0,0.0,0.0,0.0,2599.0,2599.0,10395.0,,
NP,33.6061,-117.9311,,NP060425,2025-06-04,16.0,,,100.0,3.08,3.03,3.06,,,,,,,,,,200.0,,,,25.0,,,,,,,,,,,,,,,
CPP,35.170204,-120.740685,0.5,CP240304,2024-03-04,14.2,,,100.0,1.48,1.55,1.51,1.25,1.07,1.16,2.407434,68.68635,0.8638253,16.897873,1.6628232,16.034046,200.0,0.0,,,25.0,0.0,0.0,0.0,0.0,0.0,0.0,0.0,533.0767,0.0,0.0,11727.6875,5330.767,17591.531,0.5,
CPP,35.170204,-120.740685,0.5,CP240311,2024-03-11,12.9,,,100.0,3.72,3.7,3.71,1.5,1.42,1.46,1.4,23.3,0.3,10.9,1.02,,200.0,0.0,,,25.0,0.0,0.0,1066.1534,0.0,0.0,1599.2302,9595.381,1599.2302,0.0,0.0,121008.414,4797.6904,139666.11,0.5,
CPP,35.170204,-120.740685,0.5,CP240317,2024-03-17,13.2,,,100.0,1.66,1.77,1.71,1.34,1.41,1.38,3.9,106.33,0.38,43.0,1.15,,200.0,0.0,,,25.0,0.0,0.0,1066.1534,0.0,533.0767,14393.071,17591.531,0.0,0.0,0.0,59171.516,2665.3835,95420.734,0.5,
CPP,35.170204,-120.740685,0.5,CP240324,2024-03-24,13.5,,,100.0,4.48,4.52,4.5,1.86,2.0,1.93,0.85,12.51,0.17,9.3,0.96,,200.0,0.027,,,25.0,0.0,2132.307,1066.1534,0.0,533.0767,3731.537,34116.91,533.0767,0.0,1599.2302,66634.59,20789.992,131136.88,0.5,
CPP,35.170204,-120.740685,0.5,CP240401,2024-04-01,13.4,,,100.0,4.09,3.91,4.0,2.32,2.25,2.28,2.2,41.93,0.35,22.0,2.08,,200.0,0.0,,,25.0,0.0,0.0,0.0,0.0,0.0,5330.767,2132.307,0.0,0.0,1066.1534,50109.21,2665.3835,61303.824,0.5,
CPP,35.170204,-120.740685,0.5,CP240407,2024-04-07,12.7,,,100.0,3.48,2.91,3.19,0.9,1.3,1.1,1.5,21.38,0.24,16.6,0.81,,200.0,0.0,,,25.0,0.0,533.0767,0.0,0.0,0.0,5863.8438,1066.1534,0.0,0.0,0.0,44778.445,26120.76,78362.28,0.5,
CPP,35.170204,-120.740685,0.5,CP240414,2024-04-14,13.7,,,50.0,6.73,6.71,6.72,8.14,7.46,7.8,5.7,99.53,0.83,16.7,1.96,,200.0,0.0,,,25.0,0.0,0.0,0.0,0.0,0.0,17591.531,0.0,0.0,0.0,0.0,50109.21,5863.8438,73564.586,0.5,
CPP,35.170204,-120.740685,0.5,CP240422,2024-04-22,14.6,,,100.0,4.33,3.96,4.14,1.63,1.53,1.58,1.8,30.61,0.34,13.7,5.6,,200.0,0.11,,,25.0,0.0,0.0,0.0,0.0,533.0767,9062.305,10661.534,0.0,0.0,6396.921,49043.06,40513.832,116210.73,0.5,
CPP,35.170204,-120.740685,0.5,CP240429,2024-04-29,14.1,,,100.0,0.87,0.86,0.86,0.55,0.44,0.49,2.4,38.04,0.46,23.9,2.13,,200.0,0.0,,,25.0,0.0,0.0,0.0,0.0,0.0,0.0,0.0,0.0,0.0,2665.3835,93288.43,7996.151,103949.96,0.5,
CPP,35.170204,-120.740685,0.5,CP240506,2024-05-06,11.4,,,100.0,20.21,20.66,20.43,7.41,6.42,6.91,0.55,10.21,-0.04,5.1,0.32,,200.0,0.0,,,25.0,0.0,0.0,0.0,0.0,0.0,169518.4,66101.516,0.0,0.0,1066.1534,1655736.2,11727.6875,1904150.1,0.5,
CPP,35.170204,-120.740685,0.5,CP240513,2024-05-13,13.8,,,100.0,1.23,1.08,1.16,1.27,1.54,1.41,0.43,5.73,-0.07,1.27,0.63,,200.0,0.0,,,25.0,0.0,0.0,0.0,0.0,533.0767,132736.11,12793.842,0.0,0.0,533.0767,278266.06,4797.6904,429659.84,0.5,
CPP,35.170204,-120.740685,0.5,CP240520,2024-05-20,13.1,,,100.0,3.38,3.19,3.29,1.34,1.75,1.55,0.93,8.49,0.05,2.23,2.02,,200.0,0.0,,,25.0,0.0,0.0,1599.2302,0.0,1066.1534,11194.611,4264.614,0.0,0.0,0.0,256409.9,34116.91,308651.44,0.5,
CPP,35.170204,-120.740685,0.5,CP240527,2024-05-27,13.4,,,100.0,2.27,2.45,2.36,1.48,1.01,1.25,2.1,16.3,0.32,11.6,8.02,,200.0,0.0,,,25.0,0.0,0.0,1066.1534,0.0,0.0,4264.614,0.0,0.0,0.0,1066.1534,58105.363,19723.838,84226.125,0.5,
CPP,35.170204,-120.740685,0.5,CP240603,2024-06-03,15.6,,,100.0,5.24,6.31,5.77,5.62,6.8,6.21,0.62,5.35,0.02,1.03,0.49,,200.0,0.0,,,25.0,0.0,0.0,533.0767,0.0,533.0767,110879.96,6929.9976,0.0,0.0,0.0,524547.5,13859.995,657283.6,0.5,
CPP,35.170204,-120.740685,0.5,CP240610,2024-06-10,14.8,,,100.0,3.29,3.04,3.16,2.24,2.17,2.2,0.475,3.419,0.126,1.292,1.51,1.166,200.0,0.0,,,25.0,0.0,0.0,5863.8438,0.0,533.0767,11194.611,2665.3835,0.0,0.0,0.0,93821.5,27719.99,141798.4,0.5,
CPP,35.170204,-120.740685,0.5,CP240617,2024-06-17,15.4,,,100.0,2.77,2.82,2.79,1.09,1.06,1.08,0.949,11.428,0.268,4.423,5.641,4.155,200.0,0.0,,,25.0,0.0,0.0,533.0767,0.0,1066.1534,31984.604,0.0,0.0,0.0,0.0,14926.148,5330.767,53840.75,0.5,
CPP,35.170204,-120.740685,0.5,CP240624,2024-06-24,15.1,,,100.0,19.16,16.78,17.97,3.15,3.22,3.18,2.512,35.467,0.484,19.798,0.234,19.314,200.0,0.0,,,25.0,0.0,0.0,533.0767,0.0,1066.1534,245748.38,3731.537,0.0,0.0,0.0,155658.4,90623.05,497360.6,0.5,
CPP,35.170204,-120.740685,0.5,CP240701,2024-07-01,15.9,,,100.0,10.63,8.06,9.35,2.67,2.4,2.35,0.848,11.419,0.261,3.255,2.662,2.994,200.0,0.0,,,25.0,533.0767,0.0,1599.2302,0.0,3198.4604,10661.534,0.0,0.0,0.0,0.0,103949.96,9062.305,128471.49,0.5,
CPP,35.170204,-120.740685,0.5,CP240707,2024-07-07,17.6,,,100.0,30.14,35.14,32.64,1.23,1.83,1.53,1.069,16.899,0.321,5.43,0.919,5.109,200.0,0.0,,,25.0,7996.151,0.0,0.0,0.0,2132.307,9062.305,0.0,0.0,0.0,0.0,13326.918,2132.307,34649.99,0.5,
CPP,35.170204,-120.740685,0.5,CP240715,2024-07-15,16.1,,,100.0,2.78,2.62,2.7,1.11,0.97,1.04,1.188,6.334,0.294,3.958,6.326,3.664,200.0,0.0,,,25.0,1599.2302,533.0767,1066.1534,0.0,5863.8438,2132.307,0.0,0.0,0.0,0.0,34649.99,12793.842,58638.44,0.5,
CPP,35.170204,-120.740685,0.5,CP240722,2024-07-22,16.3,,,100.0,9.18,10.04,9.16,2.08,2.19,2.13,0.457,8.056,0.0,0.946,0.0,0.946,200.0,0.0,,,25.0,0.0,0.0,0.0,0.0,1599.2302,29852.297,0.0,0.0,0.0,0.0,78895.35,4264.614,114611.49,0.5,
CPP,35.170204,-120.740685,0.5,CP240729,2024-07-29,14.9,,,100.0,14.84,15.26,15.05,3.23,3.09,3.16,1.098,13.616,0.307,6.231,0.571,5.924,200.0,0.0,,,25.0,11727.69,4264.614,1066.153,0.0,15992.3,34116.91,0.0,0.0,0.0,0.0,231355.3,105549.2,404072.2,0.5,
CPP,35.170204,-120.740685,0.5,CP240804,2024-08-04,16.1,,,100.0,15.54,14.42,14.98,4.07,3.51,3.79,0.906,9.997,0.0,1.254,0.266,1.254,200.0,0.0,,,25.0,4797.6904,0.0,533.0767,0.0,7996.151,0.0,16525.379,0.0,0.0,0.0,700462.8,27719.99,758035.1,0.5,
CPP,35.170204,-120.740685,0.5,CP240811,2024-08-11,16.8,,,100.0,8.58,8.71,8.64,1.88,2.05,1.96,0.812,8.813,0.0,2.211,0.725,2.211,200.0,0.0,,,25.0,2132.307,0.0,3198.4604,0.0,29319.22,26120.76,0.0,0.0,1066.1534,1066.1534,865183.5,34649.99,962736.56,0.5,
CPP,35.170204,-120.740685,0.5,CP240818,2024-08-18,16.7,,,100.0,7.04,7.24,7.14,1.74,1.49,1.61,1.092,12.486,0.0,3.276,0.42,3.276,200.0,0.0,,,25.0,7463.074,0.0,1599.2302,0.0,22389.223,0.0,0.0,1066.1534,0.0,0.0,416332.94,32517.68,481368.28,0.5,
CPP,35.170204,-120.740685,0.5,CP240825,2024-08-25,15.0,,,100.0,30.65,27.01,28.83,2.47,2.32,2.4,1.462,11.501,0.25,2.103,1.633,1.853,200.0,0.0,,,25.0,12793.842,3198.4604,13859.995,0.0,15992.302,21323.068,0.0,533.0767,0.0,0.0,179113.78,71965.36,318779.88,0.5,
CPP,35.170204,-120.740685,0.5,CP240901,2024-09-01,15.9,,,100.0,19.59,21.83,20.71,2.39,3.02,2.71,1.484,14.948,0.173,4.131,0.756,3.958,200.0,0.0,,,25.0,0.0,6929.9976,22389.223,0.0,15459.225,30918.45,0.0,1066.1534,0.0,0.0,70899.2,52774.598,200436.84,0.5,
CPP,35.170204,-120.740685,0.5,CP240908,2024-09-08,16.9,,,100.0,8.45,8.69,8.57,2.55,2.08,2.31,1.235,14.948,0.25,3.049,30.198,2.799,200.0,0.0,,,25.0,533.0767,0.0,2665.3835,0.0,225491.45,0.0,0.0,11194.611,0.0,0.0,12260.765,52774.598,304919.88,0.5,
CPP,35.170204,-120.740685,0.5,CP240915,2024-09-15,14.7,,,100.0,81.88,86.78,84.33,8.44,11.95,10.2,2.6,18.667446,0.66794413,12.263632,13.021561,11.595688,200.0,0.0,,,25.0,39447.676,0.0,10128.458,0.0,17058.455,0.0,0.0,20789.992,0.0,0.0,219094.53,1148780.4,1455299.5,0.5,
CPP,35.170204,-120.740685,0.5,CP240922,2024-09-22,15.7,,,100.0,112.67,111.69,112.18,22.6,24.56,23.58,1.415,15.542667,0.22198099,4.4642797,0.29264122,4.2422986,200.0,0.0,,,25.0,6929.9976,0.0,10661.534,0.0,14393.071,0.0,0.0,94354.58,21323.068,0.0,4264.614,698863.56,850790.44,0.5,
CPP,35.170204,-120.740685,0.5,CP240929,2024-09-29,16.1,,,100.0,59.06,59.48,59.27,9.97,11.23,10.6,1.65,15.767852,0.22698009,6.79214,0.27770784,6.56516,200.0,0.0,,,25.0,103416.88,0.0,3198.4604,533.0767,73564.586,0.0,0.0,42113.062,17591.531,28786.143,22922.299,212164.53,504290.6,0.5,
CPP,35.170204,-120.740685,0.5,CP241006,2024-10-06,16.5,,,100.0,68.58,75.58,72.08,8.44,11.24,9.84,0.682,15.191012,0.20498161,2.5496137,0.3014535,2.344632,200.0,0.0,,,25.0,13326.918,0.0,29319.22,1066.1534,33050.758,0.0,0.0,16525.379,203635.31,6929.9976,12260.765,131136.88,447251.38,0.5,
CPP,35.170204,-120.740685,0.5,CP241013,2024-10-13,16.9,,,100.0,66.48,47.38,56.93,8.44,8.15,8.29,1.222,17.489302,0.14198697,2.9254205,1.2878715,2.7834334,200.0,0.0,,,25.0,296390.66,0.0,13326.918,533.0767,81027.664,0.0,0.0,12260.765,10128.458,0.0,4264.614,105549.195,523481.34,0.5,
CPP,35.170204,-120.740685,0.5,CP241020,2024-10-20,13.8,,,100.0,1.16,1.08,1.12,0.87,1.06,0.97,2.125,24.149399,0.7289316,14.36268,4.9165635,13.633749,200.0,0.0,,,25.0,0.0,0.0,0.0,0.0,533.0767,0.0,0.0,0.0,0.0,0.0,36782.293,533.0767,37848.45,0.5,
CPP,35.170204,-120.740685,0.5,CP241027,2024-10-27,15.4,,,100.0,37.86,37.93,37.9,6.18,5.34,5.76,0.791,13.321327,0.0,2.5533218,0.33101144,2.5533218,200.0,0.0,,,25.0,17058.455,0.0,12260.765,21323.068,168452.25,3731.537,0.0,4797.6904,172716.86,0.0,80494.586,81027.664,561862.9,0.5,
CPP,35.170204,-120.740685,0.5,CP241103,2024-11-03,12.8,,,100.0,4.06,3.81,3.93,1.64,1.39,1.51,1.737,19.637783,0.6149398,14.61098,1.0225694,13.996039,200.0,0.0,,,25.0,0.0,0.0,1599.2302,0.0,5863.8438,5330.767,0.0,533.0767,3198.4604,0.0,37315.37,11194.611,65035.36,0.5,
CPP,35.170204,-120.740685,0.5,CP241110,2024-11-10,12.5,,,100.0,13.72,12.6,13.16,3.93,3.93,3.93,1.078,16.571445,0.35996404,13.043165,0.42103538,12.683202,200.0,0.0,,,25.0,4264.614,1599.2302,2665.3835,1066.1534,28253.066,0.0,0.0,2132.307,2132.307,0.0,50642.29,29852.297,122607.65,0.5,
CPP,35.170204,-120.740685,0.5,CP241117,2024-11-17,12.1,,,100.0,2.73,2.27,2.5,1.6,1.77,1.68,1.61,20.835371,0.4599531,18.11441,1.5372267,17.654457,200.0,0.0,,,25.0,533.0767,0.0,0.0,0.0,9062.305,0.0,0.0,2132.307,0.0,0.0,11727.6875,12793.842,36249.22,0.5,
CPP,35.170204,-120.740685,0.5,CP241124,2024-11-24,12.1,,,100.0,7.59,7.36,7.47,1.91,2.5,2.2,1.551,22.16003,0.4949485,18.524977,1.1041741,18.03003,200.0,0.0,,,25.0,0.0,1066.1534,533.0767,1599.2302,15459.225,0.0,0.0,6396.921,1066.1534,0.0,9595.381,11727.6875,47443.83,0.5,
CPP,35.170204,-120.740685,0.5,CP241201,2024-12-01,12.9,,,100.0,7.1,7.15,7.12,1.77,1.38,1.57,1.114,10.710304,0.33996394,6.717673,2.349508,6.377709,200.0,0.0,,,25.0,0.0,0.0,2665.3835,0.0,13859.995,0.0,5330.767,15992.302,0.0,3198.4604,30918.45,52241.52,124206.875,0.5,
CPP,35.170204,-120.740685,0.5,CP241208,2024-12-08,12.4,,,100.0,2.24,2.3,2.27,1.37,1.4,1.39,2.953,23.7,0.411,21.149,3.107,20.738,200.0,0.0,,,25.0,1599.2302,0.0,0.0,1599.2302,3731.537,1599.2302,1066.1534,2665.3835,9062.305,0.0,4797.6904,7996.151,34116.91,0.5,
CPP,35.170204,-120.740685,0.5,CP241216,2024-12-08,12.3,,,100.0,3.01,2.81,2.91,1.18,1.54,1.36,1.294,15.238,0.452,9.991,2.036,9.539,200.0,0.0,,,25.0,0.0,0.0,533.0767,533.0767,12793.842,0.0,4797.6904,6396.921,3198.4604,0.0,16525.379,3731.537,48509.98,0.5,
CPP,35.170204,-120.740685,0.5,CP241222,2024-12-22,12.9,,,100.0,1.65,1.54,1.6,2.54,2.76,2.65,1.196,13.873,0.427,9.701,1.554,9.274,200.0,0.0,,,25.0,0.0,0.0,0.0,0.0,0.0,1066.1534,0.0,533.0767,0.0,0.0,9595.381,1066.1534,12260.765,0.5,
CPP,35.170204,-120.740685,0.5,CP241229,2024-12-29,12.9,,,100.0,1.15,1.06,1.11,1.37,1.43,1.4,1.657,21.655,0.542,14.443,3.472,13.901,200.0,0.0,,,25.0,0.0,0.0,533.0767,0.0,533.0767,0.0,0.0,0.0,0.0,0.0,11727.6875,533.0767,13326.918,0.5,
CPP,35.170204,-120.740685,0.5,CP250105,2025-01-05,11.9,,,100.0,2.2,2.37,2.28,1.32,1.25,1.28,1.825,24.876,0.507,18.923,1.325,18.416,200.0,0.0,,,25.0,0.0,0.0,0.0,0.0,533.0767,0.0,0.0,0.0,0.0,0.0,56506.133,1599.2302,58638.44,0.5,
CPP,35.170204,-120.740685,0.5,CP250112,2025-01-12,11.4,,,100.0,3.01,3.05,3.03,1.46,1.47,1.46,1.441,19.591,0.309,19.553,1.148,19.244,200.0,0.0,,,25.0,0.0,0.0,0.0,0.0,0.0,2665.3835,5330.767,0.0,0.0,0.0,120475.34,1599.2302,130070.72,0.5,
CPP,35.170204,-120.740685,0.5,CP250119,2025-01-19,12.0,,,100.0,1.3,1.43,1.36,0.7,0.66,0.68,1.507,15.163,0.309,14.13,1.276,13.821,200.0,0.0,,,25.0,0.0,0.0,0.0,0.0,2665.3835,4797.6904,30918.45,0.0,0.0,0.0,62903.055,4797.6904,106082.266,0.5,
CPP,35.170204,-120.740685,0.5,CP250126,2025-01-26,11.5,,,100.0,2.95,2.81,2.88,1.12,1.12,1.12,1.759,14.284,0.311,17.36,1.36,17.049,200.0,0.0,,,25.0,1066.1534,0.0,0.0,0.0,2665.3835,4797.6904,1599.2302,533.0767,0.0,0.0,50109.21,5330.767,66101.516,0.5,
CPP,35.170204,-120.740685,0.5,CP250202,2025-02-02,12.5,,,100.0,3.25,3.05,3.15,1.05,1.04,1.04,2.369,19.507,0.301,19.945,2.728,19.644,200.0,0.0,,,25.0,0.0,0.0,533.0767,0.0,1599.2302,5863.8438,0.0,1066.1534,0.0,0.0,20789.992,5330.767,35183.062,0.5,
CPP,35.170204,-120.740685,0.5,CP250209,2025-02-09,12.5,,,100.0,4.55,3.89,4.22,1.53,1.53,1.53,1.02,10.573,0.138,6.703,2.256,6.565,200.0,0.0,,,25.0,4797.6904,0.0,0.0,533.0767,4264.614,0.0,2665.3835,0.0,1066.1534,0.0,45844.598,2132.307,61303.824,0.5,
CPP,35.170204,-120.740685,0.5,CP250216,2025-02-16,11.3,,,100.0,0.99,0.98,0.99,1.69,1.85,1.77,2.042,33.283,0.336,16.587,2.152,16.251,200.0,0.0,,,25.0,533.0767,0.0,0.0,0.0,533.0767,5330.767,0.0,0.0,0.0,0.0,8529.228,0.0,14926.148,0.5,
CPP,35.170204,-120.740685,0.5,CP250223,2025-02-23,12.3,,,100.0,1.61,1.72,1.67,1.28,1.35,1.31,5.831,72.903,0.48,37.54,1.358,37.06,200.0,0.0,,,25.0,1599.2302,0.0,0.0,0.0,0.0,0.0,3198.4604,0.0,2665.3835,0.0,37848.45,533.0767,45844.598,0.5,
CPP,35.170204,-120.740685,0.5,CP250302,2025-03-02,12.0,,,100.0,4.25,4.45,4.35,2.79,2.21,2.5,1.507,21.226,0.281,15.882,1.855,15.601,200.0,0.0,,,25.0,1066.1534,0.0,0.0,0.0,533.0767,7463.074,2132.307,0.0,0.0,0.0,25054.605,2665.3835,38914.6,0.5,
CPP,35.170204,-120.740685,0.5,CP250309,2025-03-09,10.6,,,100.0,2.46,2.86,2.66,1.07,0.91,0.99,,,,,,,200.0,0.0,,,25.0,0.0,0.0,0.0,0.0,0.0,6396.921,18657.686,0.0,0.0,0.0,204701.47,2132.307,231888.38,0.5,
CPP,35.170204,-120.740685,0.5,CP250316,2025-03-16,11.5,,,100.0,5.42,5.08,5.25,4.71,4.96,4.83,,,,,,,200.0,0.328,,,25.0,0.0,0.0,0.0,0.0,533.0767,0.0,46910.75,0.0,0.0,0.0,395542.94,2665.3835,445652.16,0.5,
CPP,35.170204,-120.740685,0.5,CP250323,2025-03-23,11.6,,,100.0,2.93,2.91,2.92,2.77,2.59,2.68,,,,,,,200.0,0.378,,,25.0,0.0,0.0,0.0,0.0,0.0,0.0,83159.97,0.0,0.0,0.0,434990.6,533.0767,518683.66,0.5,
CPP,35.170204,-120.740685,0.5,CP250330,2025-03-30,11.7,,,100.0,5.32,5.08,5.2,3.64,3.84,3.74,,,,,,,200.0,0.712,,,25.0,0.0,0.0,0.0,0.0,0.0,11727.6875,49043.06,0.0,0.0,0.0,58105.363,2132.307,121008.414,0.5,
CPP,35.170204,-120.740685,0.5,CP250406,2025-04-06,11.9,,,100.0,10.05,9.92,9.99,3.7,3.81,3.76,,,,,,,200.0,0.0,,,25.0,0.0,0.0,0.0,0.0,0.0,3198.4604,115144.57,0.0,0.0,0.0,1610957.9,1066.1534,1730367.0,0.5,
CPP,35.170204,-120.740685,0.5,CP250413,2025-04-13,11.3,,,100.0,2.44,2.37,2.4,2.87,2.77,2.85,,,,,,,200.0,0.0,,,25.0,0.0,0.0,0.0,0.0,0.0,0.0,64502.285,0.0,0.0,0.0,87957.66,6929.9976,159389.94,0.5,
CPP,35.170204,-120.740685,0.5,CP250420,2025-04-20,13.3,,,100.0,8.2,7.95,8.08,3.06,2.86,2.96,,,,,,,200.0,0.0,,,25.0,0.0,0.0,0.0,0.0,533.0767,2132.307,25587.684,0.0,0.0,0.0,1241002.6,10128.458,1279384.1,0.5,
CPP,35.170204,-120.740685,0.5,CP250427,2025-04-27,12.3,,,100.0,4.69,4.94,4.81,1.85,1.95,1.9,,,,,,,200.0,0.0,,,25.0,0.0,0.0,0.0,0.0,0.0,2132.307,77296.125,533.0767,0.0,0.0,181246.1,5863.8438,267071.44,0.5,
CPP,35.170204,-120.740685,0.5,CP250504,2025-05-04,12.3,,,100.0,1.67,1.81,1.74,1.95,1.92,1.93,,,,,,,200.0,0.0,,,25.0,0.0,0.0,0.0,0.0,533.0767,1066.1534,0.0,0.0,0.0,0.0,75163.82,10661.534,87424.586,0.5,
CPP,35.170204,-120.740685,0.5,CP250512,2025-05-12,14.8,,,100.0,4.6,4.51,4.56,2.45,2.66,2.56,,,,,,,200.0,0.0,,,25.0,0.0,0.0,0.0,0.0,0.0,13859.995,22389.223,533.0767,0.0,0.0,278799.12,1599.2302,317180.66,0.5,
CPP,35.170204,-120.740685,0.5,CP250518,2025-05-18,13.0,,,100.0,13.72,13.3,13.51,4.21,4.21,4.21,,,,,,,200.0,0.0,,,25.0,0.0,0.0,0.0,0.0,533.0767,18657.686,23455.375,0.0,0.0,0.0,1225010.4,9595.381,1277251.9,0.5,
CPP,35.170204,-120.740685,0.5,CP250526,2025-05-26,13.2,,,100.0,14.56,15.68,15.12,6.03,5.47,5.75,,,,,,,200.0,0.0,,,25.0,0.0,0.0,0.0,0.0,0.0,17058.455,49043.06,0.0,0.0,0.0,2184015.2,2665.3835,2252782.2,0.5,
CPP,35.170204,-120.740685,0.5,CP250601,2025-06-01,14.4,,,100.0,4.59,4.58,4.58,3.34,2.96,3.15,,,,,,,200.0,0.0,,,25.0,0.0,0.0,1066.1534,0.0,0.0,1599.2302,6396.921,0.0,0.0,0.0,411535.22,12260.765,432858.3,0.5,
MBF,35.370853,-120.858734,,MBF240305,2024-03-05,13.4,,34.3,100.0,1.83,1.96,1.895,0.95,0.87,0.91,,,,,,,,,,,25.0,0.0,0.0,0.0,0.0,0.0,0.0,0.0,0.0,0.0,0.0,12793.842,1066.1534,14926.148,,
MBF,35.370853,-120.858734,,MBF240311,2024-03-11,12.4,,34.5,100.0,1.9,1.47,1.685,1.57,1.22,1.395,,,,,,,,,,,25.0,0.0,0.0,0.0,0.0,1066.1534,0.0,0.0,0.0,0.0,0.0,69833.055,2132.307,73031.51,,
MBF,35.370853,-120.858734,,MBF240318,2024-03-18,12.4,,31.8,100.0,2.95,2.93,2.94,2.79,2.73,2.76,,,,,,,,,,,25.0,0.0,0.0,0.0,0.0,3198.4604,29319.22,19723.838,0.0,0.0,0.0,166319.94,4797.6904,224958.38,,
MBF,35.370853,-120.858734,,MBF240325,2024-03-25,12.3,,34.3,100.0,3.29,3.44,3.365,3.75,4.12,3.935,,,,,,,,,,,25.0,0.0,0.0,0.0,0.0,0.0,4797.6904,17591.531,0.0,0.0,0.0,232421.45,3731.537,258542.22,,
MBF,35.370853,-120.858734,,MBF240403,2024-04-03,13.1,,33.0,100.0,1.25,1.83,1.54,1.01,1.11,1.06,,,,,,,,,,,25.0,0.0,0.0,0.0,0.0,0.0,1066.1534,0.0,0.0,0.0,0.0,1599.2302,533.0767,3198.4604,,
MBF,35.370853,-120.858734,,MBF240408,2024-04-08,12.1,,34.1,100.0,1.41,1.34,1.375,0.83,0.81,0.82,,,,,,,,,,,25.0,0.0,0.0,0.0,0.0,0.0,0.0,0.0,0.0,0.0,0.0,4264.614,533.0767,4797.6904,,
MBF,35.370853,-120.858734,,MBF240416,2024-04-16,11.4,,33.8,100.0,1.67,1.57,1.62,1.18,0.81,0.995,,,,,,,,,,,25.0,0.0,0.0,0.0,0.0,0.0,0.0,0.0,0.0,0.0,533.0767,4264.614,1599.2302,6396.921,,
MBF,35.370853,-120.858734,,MBF240422,2024-04-22,11.9,,33.9,100.0,1.27,1.25,1.26,0.74,0.8,0.77,,,,,,,,,,,25.0,0.0,0.0,0.0,0.0,0.0,0.0,11727.6875,0.0,0.0,0.0,7996.151,18657.686,38381.523,,
MBF,35.370853,-120.858734,,MBF240430,2024-05-01,11.8,,33.6,100.0,1.65,1.51,1.58,0.55,0.57,0.56,,,,,,,,,,,25.0,0.0,0.0,0.0,0.0,0.0,0.0,0.0,0.0,0.0,0.0,39447.676,533.0767,39980.754,,
MBF,35.370853,-120.858734,,MBF240506,2024-05-06,10.9,,33.6,100.0,3.88,4.18,4.03,1.21,1.19,1.2,,,,,,,,,,,25.0,0.0,0.0,0.0,0.0,0.0,11727.6875,0.0,0.0,0.0,1066.1534,124206.875,533.0767,137533.8,,
MBF,35.370853,-120.858734,,MBF240513,2024-05-14,12.1,,34.1,100.0,12.6,14.0,13.3,9.81,11.07,10.44,,,,,,,,,,,25.0,0.0,0.0,0.0,0.0,0.0,10128.458,50642.29,0.0,0.0,1599.2302,2077933.1,1599.2302,2142435.2,,
MBF,35.370853,-120.858734,,MBF240520,2024-05-20,12.0,,32.8,100.0,5.02,6.56,5.79,5.63,5.77,5.7,,,,,,,,,,,25.0,0.0,0.0,0.0,1066.1534,533.0767,10128.458,85825.35,0.0,0.0,533.0767,288927.6,8529.228,395542.94,,
MBF,35.370853,-120.858734,,MBF240528,2024-05-28,13.0,,34.0,100.0,5.63,5.67,5.65,2.47,2.94,2.705,,,,,,,,,,,25.0,0.0,2132.307,0.0,0.0,0.0,6929.9976,0.0,0.0,0.0,2132.307,182845.31,31451.527,225491.45,,
MBF,35.370853,-120.858734,,MBF240603,2024-06-03,12.3,,33.8,100.0,8.82,9.52,9.17,5.33,6.17,5.75,,,,,,,,,,,25.0,0.0,0.0,0.0,0.0,533.0767,43179.215,17591.531,533.0767,0.0,1066.1534,625299.0,1066.1534,689268.2,,
MBF,35.370853,-120.858734,,MBF240610,2024-06-10,13.9,,31.9,100.0,9.66,9.38,9.52,13.59,12.19,12.89,,,,,,,,,,,25.0,0.0,0.0,1066.1534,0.0,1599.2302,2132.307,2665.3835,0.0,0.0,1066.1534,589582.9,5330.767,604509.0,,
MBF,35.370853,-120.858734,,MBF240617,2024-06-17,12.0,,33.9,100.0,3.75,4.14,3.945,5.77,5.44,5.605,,,,,,,,,,,25.0,0.0,0.0,0.0,0.0,0.0,0.0,0.0,0.0,0.0,0.0,294791.44,0.0,294791.44,,
MBF,35.370853,-120.858734,,MBF240624,2024-06-24,14.6,,33.5,100.0,17.78,18.83,18.305,8.55,3.23,5.89,,,,,,,,,,,25.0,0.0,0.0,0.0,0.0,0.0,27719.99,59704.594,0.0,0.0,3198.4604,859319.7,1066.1534,951008.9,,
MBF,35.370853,-120.858734,,MBF240701,2024-07-01,12.2,,33.6,100.0,6.75,6.27,6.51,5.97,5.94,5.955,,,,,,,,,,,25.0,0.0,0.0,0.0,0.0,533.0767,27719.99,14393.071,0.0,0.0,0.0,452049.06,1066.1534,495761.34,,
MBF,35.370853,-120.858734,,MBF240708,2024-07-08,13.7,,33.4,100.0,20.99,18.34,19.665,6.38,8.13,7.255,,,,,,,,,,,25.0,0.0,0.0,0.0,0.0,0.0,19190.762,17058.455,0.0,0.0,1066.1534,1267656.5,2665.3835,1307637.2,,
MBF,35.370853,-120.858734,,MBF240715,2024-07-15,13.8,,33.5,100.0,3.3,3.72,3.51,2.33,2.35,2.34,,,,,,,,,,,25.0,1066.1534,4264.614,0.0,0.0,9062.305,0.0,6929.9976,533.0767,0.0,1599.2302,68233.82,34116.91,125806.11,,
MBF,35.370853,-120.858734,,MBF240722,2024-07-22,14.3,,33.3,100.0,3.57,3.79,3.68,2.48,2.42,2.45,,,,,,,,,,,25.0,0.0,0.0,0.0,0.0,0.0,0.0,19723.838,0.0,0.0,533.0767,60237.67,5863.8438,86358.43,,
MBF,35.370853,-120.858734,,MBF240729,2024-07-30,14.7,,33.4,100.0,5.29,6.47,5.88,1.39,1.7,1.3,,,,,,,,,,,25.0,0.0,0.0,0.0,0.0,7463.074,9595.381,68233.82,0.0,0.0,0.0,95953.81,15459.225,197238.39,,
MBF,35.370853,-120.858734,,MBF240805,2024-08-05,13.5,,33.6,100.0,5.77,7.44,6.605,3.59,4.29,3.94,,,,,,,,,,,25.0,2665.3835,0.0,533.0767,0.0,4264.614,0.0,58638.44,0.0,0.0,0.0,99685.35,5863.8438,173783.02,,
MBF,35.370853,-120.858734,,MBF240812,2024-08-12,13.8,,33.5,100.0,9.78,10.85,10.315,1.99,2.39,2.19,,,,,,,,,,,25.0,19723.838,4797.6904,533.0767,0.0,10661.534,0.0,9595.381,0.0,0.0,9062.305,146063.02,22389.223,223892.22,,
MBF,35.370853,-120.858734,,MBF240819,2024-08-19,14.1,,33.6,100.0,8.94,11.11,10.025,2.413,2.13,2.2715,,,,,,,,,,,25.0,24521.53,1066.1534,533.0767,0.0,15992.302,41046.906,14393.071,533.0767,2132.307,8529.228,466975.22,17591.531,594380.56,,
MBF,35.370853,-120.858734,,MBF240826,2024-08-26,15.6,,33.2,100.0,17.64,17.64,17.64,3.79,3.65,3.72,,,,,,,,,,,25.0,43179.215,18657.686,1066.1534,0.0,23455.375,67700.74,0.0,1599.2302,0.0,0.0,256942.98,21323.068,435523.7,,
MBF,35.370853,-120.858734,,MBF240902,2024-09-02,15.5,,33.0,100.0,30.44,30.51,30.475,3.51,2.96,3.235,,,,,,,,,,,25.0,41046.906,55439.98,1066.1534,533.0767,51175.367,7463.074,533.0767,0.0,0.0,10128.458,17591.531,175915.31,363025.25,,
MBF,35.370853,-120.858734,,MBF240910,2024-09-10,15.5,,33.4,100.0,3.02,2.81,2.92,0.76,0.69,0.725,,,,,,,,,,,25.0,1066.1534,0.0,0.0,0.0,5330.767,10661.534,19190.762,0.0,0.0,0.0,56506.133,4797.6904,97553.04,,
MBF,35.370853,-120.858734,,MBF240916,2024-09-16,15.1,,33.53,100.0,8.82,8.84,8.83,5.47,4.71,5.09,,,,,,,,,,,25.0,1066.1534,0.0,0.0,0.0,13326.918,25587.684,144996.88,0.0,0.0,1599.2302,47976.906,22922.299,257476.06,,
MBF,35.370853,-120.858734,,MBF240924,2024-09-24,15.2,,32.6,100.0,22.6,22.04,22.32,4.0,2.39,3.2,,,,,,,,,,,25.0,40513.832,2132.307,0.0,0.0,9595.381,2665.3835,0.0,4797.6904,0.0,6929.9976,4264.614,47976.906,119409.19,,
MBF,35.370853,-120.858734,,MBF241001,2024-10-01,15.0,,33.4,100.0,24.84,24.07,24.46,6.73,6.94,6.84,,,,,,,,,,,25.0,76229.97,533.0767,2132.307,0.0,45844.598,0.0,1066.1534,11727.6875,2132.307,38914.6,20789.992,117276.88,317180.66,,
MBF,35.370853,-120.858734,,MBF241007,2024-10-07,16.5,,33.5,100.0,21.9,22.6,22.25,3.65,3.3,3.48,,,,,,,,,,,25.0,28253.066,0.0,1599.2302,533.0767,58105.363,3731.537,2132.307,18657.686,5330.767,0.0,13326.918,71965.36,204168.39,,
MBF,35.370853,-120.858734,,MBF241014,2024-10-14,15.3,,33.4,100.0,15.82,21.97,18.9,5.75,7.43,6.59,,,,,,,,,,,25.0,39980.754,1599.2302,3731.537,1599.2302,33050.758,0.0,0.0,6929.9976,4264.614,12793.842,15459.225,43179.215,163654.56,,
MBF,35.370853,-120.858734,,MBF241021,2024-10-21,15.2,,33.8,100.0,4.78,4.98,4.88,1.28,1.14,1.21,,,,,,,,,,,25.0,12260.765,0.0,1066.1534,1599.2302,11194.611,0.0,0.0,1066.1534,4264.614,0.0,9595.381,16525.379,57572.285,,
MBF,35.370853,-120.858734,,MBF241028,2024-10-28,14.1,,33.3,100.0,3.512,3.53,3.521,3.4,3.12,3.26,,,,,,,,,,,25.0,3198.4604,0.0,1599.2302,1066.1534,7463.074,5863.8438,9595.381,0.0,4264.614,1066.1534,31984.604,17591.531,83693.05,,
MBF,35.370853,-120.858734,,MBF241104,2024-11-04,12.7,,33.4,100.0,1.806,1.89,1.848,2.03,1.96,1.995,,,,,,,,,,,25.0,0.0,0.0,0.0,0.0,1599.2302,1599.2302,1599.2302,0.0,0.0,0.0,29852.297,3731.537,38381.523,,
MBF,35.370853,-120.858734,,MBF241111,2024-11-12,,,,100.0,3.39,3.3,3.35,1.57,1.43,1.5,,,,,,,,,,,25.0,1599.2302,1599.2302,1066.1534,1066.1534,10661.534,0.0,0.0,533.0767,0.0,1599.2302,50109.21,11727.6875,82093.81,,
MBF,35.370853,-120.858734,,MBF241118,2024-11-18,12.2,,33.2,100.0,1.64,1.86,1.75,2.35,1.95,2.15,,,,,,,,,,,25.0,1599.2302,0.0,533.0767,533.0767,6396.921,0.0,0.0,0.0,1066.1534,0.0,13859.995,3198.4604,27186.912,,
MBF,35.370853,-120.858734,,MBF241125,2024-11-26,12.3,,32.9,100.0,2.04,2.34,2.19,1.07,1.08,1.07,,,,,,,,,,,25.0,533.0767,0.0,1066.1534,2132.307,20256.916,0.0,1599.2302,533.0767,0.0,533.0767,3731.537,5863.8438,36249.22,,
MBF,35.370853,-120.858734,,MBF241203,2024-12-03,12.7,,33.0,100.0,3.16,3.36,3.26,1.25,1.14,1.19,,,,,,,,,,,25.0,533.0767,0.0,0.0,4264.614,3731.537,0.0,0.0,6929.9976,0.0,0.0,36782.293,2132.307,54373.824,,
MBF,35.370853,-120.858734,,MBF241209,2024-12-10,12.3,,33.0,100.0,1.43,1.69,1.56,0.98,0.97,0.97,,,,,,,,,,,25.0,0.0,0.0,0.0,0.0,2132.307,0.0,0.0,2132.307,0.0,2132.307,22389.223,2665.3835,31451.527,,
MBF,35.370853,-120.858734,,MBF241216,2024-12-16,12.0,,34.4,100.0,0.6,0.55,0.57,1.47,1.47,1.47,,,,,,,,,,,25.0,0.0,0.0,0.0,0.0,0.0,2665.3835,0.0,0.0,0.0,0.0,10661.534,1066.1534,14393.071,,
MBF,35.370853,-120.858734,,MBF241223,2024-12-24,13.1,,34.1,100.0,1.23,1.27,1.25,1.64,1.65,1.65,,,,,,,,,,,25.0,0.0,0.0,0.0,0.0,0.0,0.0,2132.307,0.0,0.0,0.0,14393.071,0.0,16525.379,,
MBF,35.370853,-120.858734,,MBF241230,2024-12-30,11.5,,34.4,100.0,1.06,1.11,1.08,1.36,1.26,1.31,,,,,,,,,,,25.0,0.0,0.0,533.0767,0.0,0.0,0.0,0.0,0.0,0.0,0.0,17591.531,533.0767,18657.686,,
MBF,35.370853,-120.858734,,MBF250106,2025-01-06,12.6,,34.6,100.0,0.86777806,0.90976727,0.88877267,0.7146267,0.77066255,0.7426446,,,,,,,,,,,25.0,,,,,,,,,,,,,,,
MBF,35.370853,-120.858734,,MBF250114,2025-01-14,11.6,,34.5,100.0,2.5053592,2.729302,2.6173306,1.0655543,0.95364016,1.0095972,,,,,,,,,,,25.0,0.0,0.0,0.0,0.0,0.0,1599.2302,0.0,533.0767,0.0,0.0,52241.52,533.0767,54906.902,,
MBF,35.370853,-120.858734,,MBF250121,2025-01-21,12.4,,34.3,100.0,,,,,,,,,,,,,,,,,25.0,2132.307,0.0,0.0,0.0,533.0767,0.0,1066.1534,0.0,0.0,0.0,14393.071,1066.1534,19190.762,,
MBF,35.370853,-120.858734,,MBF250130,2025-01-30,12.1,,33.8,100.0,1.95,3.22,2.58,0.7,0.73,0.72,,,,,,,,,,,25.0,0.0,0.0,533.0767,0.0,533.0767,0.0,0.0,0.0,0.0,0.0,12793.842,12260.765,26120.76,,
MBF,35.370853,-120.858734,,MBF250205,2025-02-05,13.5,,33.5,100.0,1.9,1.89,1.9,1.18,0.98,1.08,,,,,,,,,,,25.0,0.0,0.0,1066.1534,533.0767,2132.307,0.0,0.0,0.0,0.0,0.0,4797.6904,1599.2302,10128.458,,
MBF,35.370853,-120.858734,,MBF250211,2025-02-11,11.9,,35.7,100.0,1.41,1.69,1.55,0.69,0.69,0.69,,,,,,,,,,,25.0,1599.2302,0.0,0.0,0.0,1066.1534,0.0,0.0,533.0767,3731.537,0.0,18657.686,14393.071,39980.754,,
MBF,35.370853,-120.858734,,MBF250217,2025-02-17,11.91,,33.07,100.0,1.23,1.21,1.22,1.15,1.05,1.1,,,,,,,,,,,25.0,1066.1534,0.0,0.0,0.0,3198.4604,0.0,5330.767,0.0,0.0,0.0,10661.534,0.0,20256.916,,
MBF,35.370853,-120.858734,,MBF250225,2025-02-25,,,35.8,100.0,2.13,2.41,2.27,0.97,1.29,1.13,,,,,,,,,,,25.0,0.0,0.0,0.0,0.0,533.0767,0.0,0.0,533.0767,0.0,0.0,15992.302,533.0767,17591.531,,
MBF,35.370853,-120.858734,,MBF250304,2025-03-04,12.8,,33.6,100.0,1.52,1.75,1.635,1.303,1.19,1.2465,,,,,,,,,,,25.0,0.0,0.0,0.0,0.0,0.0,0.0,0.0,0.0,0.0,0.0,5863.8438,1599.2302,7463.074,,
MBF,35.370853,-120.858734,,MBF250311,2025-03-11,12.0,,34.1,100.0,1.3436563,1.4556277,1.399642,0.7988917,0.71492755,0.7569096,,,,,,,,,,,25.0,0.0,0.0,0.0,0.0,0.0,1599.2302,1599.2302,0.0,0.0,0.0,11194.611,1066.1534,15459.225,,
MBF,35.370853,-120.858734,,MBF250317,2025-03-17,12.7,,28.8,100.0,1.32,1.4,1.36,1.42,1.35,1.385,,,,,,,,,,,25.0,0.0,0.0,0.0,0.0,0.0,2132.307,0.0,0.0,0.0,0.0,16525.379,0.0,18657.686,,
MBF,35.370853,-120.858734,,MBF250325,2025-03-25,11.4,,34.2,100.0,1.15,0.81,0.98,1.12,0.47,0.795,,,,,,,,,,,25.0,533.0767,0.0,0.0,0.0,0.0,0.0,0.0,0.0,0.0,0.0,4264.614,1066.1534,5863.8438,,
MBF,35.370853,-120.858734,,MBF250331,2025-03-31,12.6,,34.2,100.0,1.88,1.79,1.835,0.73,0.83,0.78,,,,,,,,,,,25.0,0.0,0.0,0.0,0.0,533.0767,0.0,0.0,0.0,0.0,0.0,23455.375,1066.1534,25054.605,,
